"ORDER_ID","GOODS_ID","GOODS_NAME","UNIT_PRICE","QUANTITY","RETURN_QTY"
"1108258","9255","香飘飘Meco牛乳茶奶茶300ml","8.00","2","0"
"1108259","5603","南孚丰蓝1号电池1对","9.00","1","0"
"1108276","5858","有友酸菜泡凤爪泡鸡爪120g","6.80","1","0"
"1108300","5069","重庆小天鹅火锅底料150g","4.50","1","0"
"1108402","2097","喜之郎葡萄&苹果果肉果冻200g","2.80","1","0"
"1108557","2610","老干妈辣三丁油辣椒280g","10.00","1","0"
"1108557","2108","伊利谷粒多红豆红米花生牛奶250ml","2.50","1","0"
"1108625","5865","【桃李】鸡腿汉堡包140g","5.50","1","0"
"1108625","3018","旺仔QQ糖水蜜桃味70g","1.50","1","0"
"1108723","4596","国泰味精100g","2.00","1","0"
"1108723","4606","放养谷物土鸡蛋15枚装","14.50","1","0"
"1108723","18144","放养谷物土鸡蛋网兜15枚装","14.00","1","0"
"1108764","20929","代跑腿服务（爱喜爆珠）","15.00","1","0"
"1108772","3942","康师傅红烧牛肉面袋装103g","2.50","1","0"
"1108779","17433","日清出前一丁桶装葱爆鱿鱼王106g","5.50","1","0"
"1108779","2073","伊利纯牛奶250ml","3.00","1","0"
"1108779","3354","东莱卤鸡蛋30g","1.50","1","0"
"1108797","6273","代跑腿服务（硬天子金）","20.00","1","0"
"1108797","4663","千唯紫韵实心卷纸160gx10卷","22.00","1","0"
"1108810","2923","心相印心柔3层卷纸卷筒纸卫生纸140g*10卷装","21.00","1","0"
"1108813","6476","苏菲口袋魔法护垫155护垫零味感14片","4.80","1","0"
"1108813","2083","苏菲弹力贴身超薄体贴日用绵柔表层卫生巾/姨妈巾10片","10.50","1","0"
"1108821","21278","ABD火鸡面超辣鸡肉味拌面132g","5.00","1","0"
"1108866","6029","代跑腿服务（软蓝黄鹤楼）","19.00","1","0"
"1108866","3362","百事可乐600ml","3.00","1","0"
"1108879","3295","菊乐酸乐奶盒装250ml","2.50","1","0"
"1108885","4497","金龙鱼优质东北大米 真空 5kg","43.00","1","0"
"1108886","5011","旺仔小馒头16g","1.00","2","0"
"1108886","5044","美好火腿肠优级260g","6.50","2","0"
"1108886","2049","子弟薯片清怡黄瓜味45g","3.50","1","0"
"1108886","3134","乐事薯片黄瓜味70g","6.00","1","0"
"1108886","2098","喜之郎什锦果肉果冻200g","4.00","1","0"
"1108888","13482","奥利奥夹心饼干草莓味116g","6.50","1","0"
"1108888","11290","奥利奥夹心饼干原味58g","3.50","1","0"
"1108888","2912","甜甜乐星球杯巧克力浆+饼干粒20g","0.50","6","0"
"1108891","6026","代跑腿服务（爱喜薄荷）","10.00","1","0"
"1108892","3014","格力高百醇抹茶慕斯味48g","5.50","1","0"
"1108892","5822","老程华蛋皮花生150g","5.00","1","0"
"1108892","3942","康师傅红烧牛肉面袋装103g","2.50","3","0"
"1108892","3344","渝兄重庆怪味胡豆80g","2.00","1","0"
"1108892","2415","唐记锅巴麻辣味70g","2.00","1","0"
"1108892","3001","徽记煮瓜子100g","3.50","1","0"
"1108892","6165","趣多多软萌软式小点巧克力味80g","5.50","1","0"
"1108899","18753","代跑腿服务（南京）","12.00","2","0"
"1108900","5044","美好火腿肠优级260g","6.50","1","0"
"1108900","6074","顺天缘馋嘴棒108g","2.00","1","0"
"1108914","4646","雪花啤酒勇闯天涯瓶装500ml","5.00","6","0"
"1108919","4130","黑人牙刷炭丝深洁小巧刷头中/新软性","8.50","1","0"
"1108919","20398","海欣蟹柳香辣20g","1.50","1","0"
"1108919","3638","乐事薯片经典原味70g","6.00","1","0"
"1108919","2048","子弟薯片美滋蕃茄味45g","3.50","1","0"
"1108927","2272","盼盼真食惠铜锣烧红豆味144g","5.50","1","0"
"1108927","3835","达利园法式软面包香橙味200g","6.50","1","0"
"1108927","2415","唐记锅巴麻辣味70g","2.00","1","0"
"1108927","4912","新家园烤馍锅巴饼干烤馍片（口味随机）63g","2.00","1","0"
"1108927","3919","汤达人日式豚骨拉面杯面78g","6.00","1","0"
"1108927","2140","嘉顿威化饼干花生味50g","3.00","1","0"
"1108927","2174","康师傅酸辣牛肉面桶装129g","4.00","1","0"
"1108927","2021","双汇润口香甜王香肠火腿肠95g","2.20","1","0"
"1108931","6582","三笑牙刷（软毛）","4.50","1","0"
"1108931","6397","汰渍无磷洗衣皂柠檬清香型202g（肥皂）","4.50","1","0"
"1108931","2034","怡宝矿泉水纯净水555ml","1.50","1","0"
"1108932","3330","牛浪汉麻辣牛肉160g","15.00","1","0"
"1108932","12318","波力海苔4.5g","4.00","1","0"
"1108932","20771","巧大娘巧乐鱿鱼麻辣味小吃15g","1.00","2","0"
"1108932","3346","天马九制杨梅70g","2.50","1","0"
"1108932","4068","天马酸乌梅130g","3.00","1","0"
"1108937","2097","喜之郎葡萄&苹果果肉果冻200g","2.80","2","0"
"1108937","2111","伊利优酸乳蓝莓味250ml","1.00","1","0"
"1108937","3018","旺仔QQ糖水蜜桃味70g","1.50","3","0"
"1108937","3362","百事可乐600ml","3.00","1","0"
"1108939","6501","伊利金典有机纯牛奶250ml","5.50","2","0"
"1108939","13523","娃哈哈AD钙奶220g单瓶","1.75","1","0"
"1108939","12369","金磨坊鱼豆腐麻辣味22g","1.00","1","0"
"1108939","12368","金磨坊鱼豆腐烧烤味23g","1.00","1","0"
"1108939","5978","养元六个核桃240ml","4.00","1","0"
"1108939","2211","乐事薯片无限翡翠黄瓜味罐装104g","8.50","1","0"
"1108942","4963","可口可乐2L","6.50","1","0"
"1108962","5878","【桃李】夹馅面包120g","4.00","1","0"
"1108967","4541","金元宝优选东北大米10kg","63.00","1","0"
"1108969","2401","蒙牛特仑苏纯牛奶250ml","4.50","5","0"
"1108969","2073","伊利纯牛奶250ml","2.50","5","0"
"1108971","2111","伊利优酸乳蓝莓味250ml","1.00","1","0"
"1108971","3942","康师傅红烧牛肉面袋装103g","2.50","2","0"
"1108973","6270","代跑腿服务（黄鹤楼雅香金）","16.00","1","0"
"1108973","3182","正宗椰树牌椰子汁植物蛋白饮料盒装245ml","4.50","3","0"
"1108974","4506","久大加碘精纯盐350g","2.00","1","0"
"1108976","18484","安慕希酸奶草莓味205g","5.50","1","0"
"1108976","2328","康师傅老坛酸菜牛肉面袋装118g","2.50","1","0"
"1108979","2034","怡宝矿泉水纯净水555ml","1.50","1","0"
"1108979","2031","雪碧清爽柠檬味汽水500ml","3.00","1","0"
"1108989","19530","王致和精致料酒500ml","7.00","1","0"
"1108989","17981","塑料夹子一板20个","3.50","1","0"
"1108989","5336","鹃城牌红油豆瓣酱1.2kg","14.00","1","0"
"1108989","5324","达恒毛嫩肉粉200g","4.00","1","0"
"1108989","6363","前尚马桶刷","7.00","1","0"
"1108995","6021","代跑腿服务（蓝娇）","13.00","1","0"
"1108995","18126","芬达橙味汽水330ml（新）","2.50","2","0"
"1109003","3405","伊利每益添活性乳酸菌原味酸奶饮料350ml","7.00","1","0"
"1109003","13521","雪碧清爽柠檬味汽水2L","7.00","1","0"
"1109019","2165","康师傅老坛酸菜牛肉面桶装121g","4.00","1","0"
"1109019","6026","代跑腿服务（爱喜薄荷）","10.00","1","0"
"1109020","6269","代跑腿服务（娇子格调黑）","15.00","1","0"
"1109022","5011","旺仔小馒头16g","1.00","2","0"
"1109022","6779","云南白药创可贴1片","0.50","2","0"
"1109022","12369","金磨坊鱼豆腐麻辣味22g","1.00","3","0"
"1109022","17449","奇胜YY波子汽水味棒棒糖9g","0.50","2","0"
"1109022","4470","保宁醋酿造食醋特级440ml","7.50","1","0"
"1109022","4506","久大加碘精纯盐350g","2.00","1","0"
"1109023","4965","百事可乐2L","6.50","1","0"
"1109023","4717","雀巢1+2速溶咖啡原味条装15g","1.50","1","0"
"1109030","4085","鱼泉鲜香榨菜鲜香原味70g","2.00","1","0"
"1109030","4512","美好火腿肠优级120g","3.50","1","0"
"1109031","6271","代跑腿服务（宽窄）","30.00","1","0"
"1109059","2312","老灶煮花生138g","4.00","3","0"
"1109059","5521","伊利尚补坊红枣酸奶160g","3.50","1","0"
"1109060","4508","莎麦鸡精100g","4.00","1","0"
"1109060","16704","可口可乐汽水888ml","4.50","1","0"
"1109060","4271","怡宝矿泉水纯净水瓶装1.5L","3.00","1","0"
"1109064","2891","果珍速溶冲饮阳光甜橙味400g","15.00","1","0"
"1109064","9226","香飘飘雪糯椰浆奶茶82g","5.00","2","0"
"1109067","3838","好丽友派蛋卷芯饼巧克力味68g","4.50","1","0"
"1109067","19970","sweet大球棒糖25g","1.50","6","0"
"1109067","20771","巧大娘巧乐鱿鱼麻辣味小吃15g","1.50","1","0"
"1109075","18333","可口可乐罐装（新）330ml","2.50","1","0"
"1109075","3354","东莱卤鸡蛋30g","1.50","1","0"
"1109075","6269","代跑腿服务（娇子格调黑）","15.00","1","0"
"1109075","20573","丽朗竹炭护龈牙刷（竹炭软毛）","3.00","1","0"
"1109084","6021","代跑腿服务（蓝娇）","13.00","2","0"
"1109084","2811","张君雅小妹妹五香海苔休闲丸子80g","7.00","1","0"
"1109084","2870","MM's 牛奶巧克力豆40g","5.00","1","0"
"1109084","3025","旺仔牛奶糖18g","1.00","1","0"
"1109085","2848","好巴食豆腐干五香味95g","3.50","1","0"
"1109085","2092","旺旺小小酥原味60g","3.00","1","0"
"1109085","2851","金大洲香辣金针菇42g","3.00","1","0"
"1109085","3933","甘源牌蟹黄味瓜子仁75g","3.50","1","0"
"1109085","12304","双汇香辣香脆肠35g","1.50","2","0"
"1109085","3333","百世兴酒鬼花生休闲食品130g","5.00","1","0"
"1109085","5877","【桃李】蔓越莓核桃面包120g","5.50","1","0"
"1109085","3073","有友猪皮晶山椒味泡椒味60g","3.00","2","0"
"1109085","11341","【桃李】口袋三明治面包草莓酱95g","4.00","1","0"
"1109085","5872","【桃李】鸡蛋香松包120g","4.00","1","0"
"1109089","4948","美年达橙味汽水600ml","2.38","1","0"
"1109089","16704","可口可乐汽水888ml","4.50","1","0"
"1109097","2186","康师傅香辣牛肉面袋装107g","2.50","1","0"
"1109097","4511","美好火腿肠30g","1.00","2","0"
"1109097","2163","康师傅辣卤香牛肉面袋装101g","2.50","1","0"
"1109097","6028","代跑腿服务（软云）","23.00","1","0"
"1109097","6377","代跑腿服务（红双喜）","10.00","1","0"
"1109104","2933","苏菲口袋魔法棉柔日用超薄森呼吸卫生巾/姨妈巾9片装","8.50","1","0"
"1109104","2931","七度空间优雅系列空气感绵面夜用卫生巾75mm5片装","5.00","1","0"
"1109104","9226","香飘飘雪糯椰浆奶茶82g","5.00","1","0"
"1109107","4271","怡宝矿泉水纯净水瓶装1.5L","3.00","1","0"
"1109107","7236","劲仔小鱼卤香味12g","1.00","1","0"
"1109107","7095","牛羊配五香辣味45g","1.50","1","0"
"1109107","2039","有友牛皮晶香辣味70g","3.80","1","0"
"1109107","21199","家能连山大刀肉6g","0.25","3","0"
"1109113","4901","哈尔滨啤酒冰纯ICE瓶装500ml","4.00","1","0"
"1109115","11420","【桃李】枣沙蛋糕100g","3.50","1","0"
"1109115","6779","云南白药创可贴1片","0.50","7","0"
"1109117","5846","荷氏维果C水果硬糖西柚味34g","2.50","1","0"
"1109117","18753","代跑腿服务（南京）","12.00","1","0"
"1109117","5847","荷氏维果C水果硬糖青柠味34g","2.50","2","0"
"1109117","5010","真知棒棒棒糖什锦水果味9.2g","0.50","6","0"
"1109117","5009","绿箭口香糖薄荷味15g","1.50","1","0"
"1109122","13467","cp泡泡贴猪猪图样sticker1张","2.50","1","0"
"1109128","5483","永吉红包肿","0.50","3","0"
"1109131","5076","俊康小磨香油调和型338ml","10.50","1","0"
"1109131","4543","久大盐350g","2.00","1","0"
"1109131","6006","爱选多晶冰糖袋装280g","5.00","1","0"
"1109131","5871","【桃李】轻乳酪蒸蛋糕90g","4.00","1","0"
"1109132","2097","喜之郎葡萄&苹果果肉果冻200g","2.80","2","0"
"1109132","2111","伊利优酸乳蓝莓味250ml","1.00","5","0"
"1109138","2104","洽洽香瓜子200g","6.00","1","0"
"1109138","5027","雪碧柠檬味汽水330ml","2.50","1","0"
"1109138","3273","米婆婆无醇米酒即饮杯装290ml","2.50","1","0"
"1109139","19916","韩尚袖防水袖套","5.00","1","0"
"1109146","2328","康师傅老坛酸菜牛肉面袋装118g","2.50","3","0"
"1109146","3770","康师傅泡椒牛肉面袋装99g","2.50","3","0"
"1109165","18126","芬达橙味汽水330ml（新）","2.50","2","0"
"1109165","18360","雪碧柠檬味汽水罐装330ml","2.50","2","0"
"1109168","12709","黑人水清新牙膏140g","11.50","1","0"
"1109169","7236","劲仔小鱼卤香味12g","1.00","1","0"
"1109169","3845","乐吧薯片番茄味50g","2.50","1","0"
"1109169","3092","魔法士玩酷系列干脆面泰式辣牛排味/方便面50g","1.50","2","0"
"1109169","2181","康师傅香菇炖鸡面桶装104g","4.00","1","0"
"1109173","3832","回头客华夫饼120g","5.50","1","0"
"1109173","2087","旺旺浪味仙蔬菜口味薯片70g","5.00","2","0"
"1109173","2142","嘉顿威化饼干巧克力味50g","3.00","1","0"
"1109173","3023","旺旺泡芙夹心饼干牛奶味18g","1.00","1","0"
"1109173","11291","奥利奥夹心饼干原味116g","7.00","1","0"
"1109175","3024","旺旺泡芙夹心饼干草莓味18g","1.00","2","0"
"1109175","6269","代跑腿服务（娇子格调黑）","15.00","2","0"
"1109177","4910","五常大米绿色生态米5kg","119.00","1","0"
"1109183","5044","美好火腿肠优级260g","6.50","1","0"
"1109183","6227","白鹤山土鸡蛋 15枚装","18.50","1","0"
"1109195","2182","康师傅香菇炖鸡面袋装100g","2.50","1","0"
"1109195","3127","伊利味可滋巧克力牛奶240ml","4.50","1","0"
"1109199","20242","水磨村汉中香米（大米）10kg","54.00","1","0"
"1109221","2183","康师傅香锅牛肉面桶装124g","4.00","1","0"
"1109221","13088","阿宽重庆小面麻辣小面袋装105克","4.50","1","0"
"1109221","3639","双汇泡面搭档香肠火腿肠90g","2.50","1","0"
"1109227","2843","康师傅红烧牛肉面方便面桶装109g","4.00","1","0"
"1109230","2261","脉动维生素水饮料菠萝口味600ml","4.00","1","0"
"1109230","6020","代跑腿服务（X娇）","10.00","1","0"
"1109231","4512","美好火腿肠优级120g","3.50","1","0"
"1109231","4550","三养火鸡面140g","6.50","1","0"
"1109231","2183","康师傅香锅牛肉面桶装124g","4.00","1","0"
"1109236","3124","农夫山泉茶派（π）蜜桃乌龙茶500ml","5.00","2","0"
"1109236","3028","百事奇多粟米棒奇多日式牛排味60g","3.50","1","0"
"1109236","2187","可比克薯片蕃茄味60g","3.50","1","0"
"1109251","2727","不二家棒棒糖奶茶巧克力味糖果8支装46g","6.00","3","0"
"1109251","3197","不二家清爽型棒棒糖可乐味+柠檬味+香橙味+哈密瓜味糖果50g","6.00","3","0"
"1109251","8097","优你康棒棒糖牛奶双味9g","1.50","1","0"
"1109252","4946","康师傅冰红茶1L","4.50","1","0"
"1109252","3841","劲仔小鱼麻辣小鱼12g","1.00","1","0"
"1109252","5044","美好火腿肠优级260g","6.50","1","0"
"1109252","3029","德芙白巧克力巧克力奶香味条装43g","7.00","1","0"
"1109252","2117","双汇玉米热狗肠香肠火腿肠70g","2.50","1","0"
"1109256","6269","代跑腿服务（娇子格调黑）","15.00","1","0"
"1109260","13521","雪碧清爽柠檬味汽水2L","6.50","1","0"
"1109260","5753","李锦记蒸鱼豉油酿造酱油瓶装410g","12.00","1","0"
"1109260","2098","喜之郎什锦果肉果冻200g","4.00","1","0"
"1109261","2887","卫龙亲嘴烧麦辣鸡汁味辣条22g","0.50","10","0"
"1109262","13521","雪碧清爽柠檬味汽水2L","6.50","1","0"
"1109266","3841","劲仔小鱼麻辣小鱼12g","1.00","1","0"
"1109266","2887","卫龙亲嘴烧麦辣鸡汁味辣条22g","0.50","2","0"
"1109266","3840","劲仔小鱼香辣小鱼12g","1.00","2","0"
"1109266","2043","有友泡椒凤爪泡椒鸡爪210g","10.00","1","0"
"1109266","3073","有友猪皮晶山椒味泡椒味60g","3.00","1","0"
"1109277","4512","美好火腿肠优级120g","3.50","1","0"
"1109277","2887","卫龙亲嘴烧麦辣鸡汁味辣条22g","0.50","10","0"
"1109277","2888","卫龙亲嘴烧川香风味辣条22g","0.50","10","0"
"1109277","2889","卫龙亲嘴烧红烧牛肉味辣条22g","0.50","10","0"
"1109278","6849","继红辣椒果50g","3.50","1","0"
"1109278","4487","金龙鱼非转基因压榨玉米油5L","80.00","1","0"
"1109278","5625","海天蚝油260ml","5.00","1","0"
"1109282","6028","代跑腿服务（软云）","23.00","1","0"
"1109288","4963","可口可乐2L","7.50","1","0"
"1109296","4757","友臣肉松饼35g","1.50","2","0"
"1109296","3351","洽洽焦糖瓜子108g","5.50","1","0"
"1109296","5929","思念中华面点奶香馒头960g","15.00","1","0"
"1109296","7692","卫龙大面筋香辣味65g","2.50","1","0"
"1109296","6448","陈克明玉米风味挂面面条1kg","10.00","1","0"
"1109296","6025","代跑腿服务（软玉）","23.00","1","0"
"1109296","16704","可口可乐汽水888ml","4.50","1","0"
"1109297","5422","龙士达LJ-0148中号浸塑衣架10个装","11.00","2","0"
"1109304","2043","有友泡椒凤爪泡椒鸡爪210g","10.00","1","0"
"1109304","2411","沈师傅鸡蛋干酱香味100g","3.50","1","0"
"1109304","20222","正宗椰树牌椰汁带盖1L（新）","13.50","1","0"
"1109304","3770","康师傅泡椒牛肉面袋装99g","2.50","2","0"
"1109304","4512","美好火腿肠优级120g","3.50","1","0"
"1109306","6026","代跑腿服务（爱喜薄荷）","10.00","1","0"
"1109306","17831","星巴克原味咖啡条装30g","2.00","2","0"
"1109309","4104","RIO3度鸡尾酒水蜜桃味小罐装330ml","6.00","1","0"
"1109317","18753","代跑腿服务（南京）","12.00","1","0"
"1109317","5847","荷氏维果C水果硬糖青柠味34g","2.50","1","0"
"1109319","4948","美年达橙味汽水600ml","2.38","1","0"
"1109319","3868","乐吧薯片麻辣川香味50g","2.00","1","0"
"1109319","4271","怡宝矿泉水纯净水瓶装1.5L","3.00","1","0"
"1109319","3105","甘源牌蟹黄味蚕豆75g","3.50","1","0"
"1109319","2311","老灶煮花生72g","2.00","1","0"
"1109322","4511","美好火腿肠30g","1.00","1","0"
"1109322","2328","康师傅老坛酸菜牛肉面袋装118g","2.50","1","0"
"1109322","4084","乌江凉拌海带丝鲜香味50g","2.00","1","0"
"1109322","5727","吉香居麻辣三丝106g","2.50","1","0"
"1109322","5800","达利熊字饼115g","3.50","1","0"
"1109322","3638","乐事薯片经典原味70g","6.00","1","0"
"1109322","12240","川洋黑米锅巴香葱味30g","1.00","1","0"
"1109322","3859","川洋黑米锅巴麻辣味休闲食品32g","1.00","3","0"
"1109322","3294","菊乐核桃花生奶200ml","2.50","1","0"
"1109322","2326","上好佳鲜虾片40g","4.50","1","0"
"1109323","4628","思念经典大汤圆醇香黑芝麻500g","6.00","1","0"
"1109323","4222","菊乐烧酸奶慢发酵风味发酵乳240g","7.50","1","0"
"1109323","21301","德芙草莓蔓越莓酸奶巧克力42g","9.00","1","0"
"1109333","3362","百事可乐600ml","3.00","1","0"
"1109336","4959","保宁白醋配制食醋480ml","4.50","1","0"
"1109336","7692","卫龙大面筋香辣味65g","2.50","6","0"
"1109347","17413","可口可乐600ml","3.00","1","0"
"1109349","2732","水溶C100柠檬味水饮料445ml","5.00","1","0"
"1109349","2174","康师傅酸辣牛肉面桶装129g","4.00","1","0"
"1109349","3638","乐事薯片经典原味70g","6.00","1","0"
"1109349","4860","咪咪世界点心面碳烧鸡汁味82g","2.50","1","0"
"1109349","5521","伊利尚补坊红枣酸奶160g","3.50","1","0"
"1109349","2631","伊利益消低乳糖酸奶160g","4.50","1","0"
"1109353","3362","百事可乐600ml","3.00","1","0"
"1109353","2481","娃哈哈苏打水350ml","3.00","1","0"
"1109353","3184","农夫山泉矿泉水4L","8.50","1","0"
"1109353","4077","洽洽山核桃味瓜子108g","7.00","1","0"
"1109355","6028","代跑腿服务（软云）","23.00","1","0"
"1109369","5874","【桃李】手撕面包160g","5.50","1","0"
"1109369","16528","【桃李】小果子140g","4.50","1","0"
"1109371","2401","蒙牛特仑苏纯牛奶250ml","4.35","1","0"
"1109382","6028","代跑腿服务（软云）","23.00","1","0"
"1109387","6227","白鹤山土鸡蛋 15枚装","18.50","1","0"
"1109387","13524","花中花三江珍珠大米5kg","46.00","1","0"
"1109388","3351","洽洽焦糖瓜子108g","5.50","1","0"
"1109388","4077","洽洽山核桃味瓜子108g","5.50","1","0"
"1109388","12318","波力海苔4.5g","4.00","1","0"
"1109388","12334","外婆家满口香（烘炒花生）130g","4.00","1","0"
"1109398","3998","南孚聚能环碱性电池5号2粒装","5.00","1","0"
"1109401","12582","农心辛拉面土豆排骨面袋装120g","5.50","1","0"
"1109405","2251","德芙黑巧克力条装43g","7.00","1","0"
"1109405","21007","丘比沙拉酱200g","12.00","1","0"
"1109406","4948","美年达橙味汽水600ml","2.38","1","0"
"1109406","3770","康师傅泡椒牛肉面袋装99g","2.50","2","0"
"1109406","4512","美好火腿肠优级120g","3.50","1","0"
"1109410","2738","统一阿萨姆奶茶原味500ml","4.00","1","0"
"1109410","3351","洽洽焦糖瓜子108g","5.50","1","0"
"1109410","7692","卫龙大面筋香辣味65g","2.50","1","0"
"1109410","3858","金富士脆美司红番茄味棒饼干128g","5.00","1","0"
"1109411","6028","代跑腿服务（软云）","23.00","2","0"
"1109420","2250","德芙丝滑牛奶巧克力条装43g","7.00","1","0"
"1109420","3016","旺仔QQ糖可乐味70g","3.00","1","0"
"1109420","3127","伊利味可滋巧克力牛奶240ml","4.50","2","0"
"1109420","5049","旺仔QQ糖葡萄味70g","3.00","1","0"
"1109422","6593","田牧金钻75g","6.00","1","0"
"1109422","4418","思念灌汤水饺猪肉香菇饺子500g","6.00","1","0"
"1109424","6269","代跑腿服务（娇子格调黑）","15.00","2","0"
"1109428","4625","思念手打天下韭菜水饺495g","13.50","1","0"
"1109428","4085","鱼泉鲜香榨菜鲜香原味70g","1.50","1","0"
"1109428","4180","乌江涪陵榨菜下饭菜80g","2.00","1","0"
"1109428","4084","乌江凉拌海带丝鲜香味50g","2.00","2","0"
"1109428","8396","双汇玉米热狗肠40g","1.50","1","0"
"1109428","2620","饭扫光麻辣什锦下饭菜/拌饭菜280g","8.50","1","0"
"1109439","4077","洽洽山核桃味瓜子108g","5.50","1","0"
"1109439","2043","有友泡椒凤爪泡椒鸡爪210g","10.00","3","0"
"1109441","2098","喜之郎什锦果肉果冻200g","4.00","1","0"
"1109441","2889","卫龙亲嘴烧红烧牛肉味辣条22g","0.50","2","0"
"1109441","3859","川洋黑米锅巴麻辣味休闲食品32g","1.00","1","0"
"1109441","3850","咪咪乐园点心面红烧牛肉味/虾条82g","3.00","1","0"
"1109472","8115","乐事薯片红烩40g","4.00","10","0"
"1109472","3133","乐事薯片青柠味70g","6.00","5","0"
"1109472","3134","乐事薯片黄瓜味70g","6.00","7","0"
"1109477","4065","伊利牛奶片经典原味32g","4.00","1","0"
"1109477","6272","代跑腿服务（利群）","14.00","1","0"
"1109477","2311","老灶煮花生72g","2.00","1","0"
"1109481","2843","康师傅红烧牛肉面方便面桶装109g","4.00","1","0"
"1109481","4085","鱼泉鲜香榨菜鲜香原味70g","1.50","1","0"
"1109481","11419","【桃李】起酥面包豆沙馅100g","3.00","2","0"
"1109481","5870","【桃李】天然酵母面包牛奶蛋羹味75g","4.00","1","0"
"1109481","4511","美好火腿肠30g","1.00","5","0"
"1109482","4417","思念灌汤水饺猪肉韭菜饺子500g","6.50","2","0"
"1109483","4639","红星二锅头（白酒）56°100ml","5.00","1","0"
"1109488","3061","白家陈记正宗酸辣方便粉丝袋装108g","4.50","1","0"
"1109489","4466","李锦记精选生抽酱油500ml","9.00","1","0"
"1109489","4580","桥头麻辣火锅底料300g","11.00","1","0"
"1109489","4300","中江挂面细面700g","4.00","1","0"
"1109492","5623","加加面条鲜生抽酿造酱油500g","9.50","1","0"
"1109492","5641","福临门长粒香金典特选大米5kg","49.00","1","0"
"1109493","4102","RIO3度西柚朗姆味鸡尾酒小罐装330ml","5.08","1","0"
"1109493","4642","中国劲酒（保健酒）35 °258ml","22.00","1","0"
"1109493","4101","RIO3度柠檬朗姆味鸡尾酒小罐装330ml","6.00","1","0"
"1109494","3183","怡宝矿泉水纯净水桶装4.5L","8.50","2","0"
"1109495","3840","劲仔小鱼香辣小鱼12g","1.00","1","0"
"1109495","2045","有友山椒泡椒竹笋120g","3.00","1","0"
"1109495","3351","洽洽焦糖瓜子108g","5.50","1","0"
"1109495","2049","子弟薯片清怡黄瓜味45g","3.50","1","0"
"1109495","2985","乐事大波浪薯片铁板鱿鱼味70g","6.50","1","0"
"1109497","2310","老灶煮花生320g","7.00","1","0"
"1109503","5734","精晶白砂糖300g","3.80","1","0"
"1109503","2889","卫龙亲嘴烧红烧牛肉味辣条22g","0.50","2","0"
"1109503","7238","劲仔小鱼酱汁味12g","1.00","4","0"
"1109503","7236","劲仔小鱼卤香味12g","1.00","4","0"
"1109503","2049","子弟薯片清怡黄瓜味45g","3.50","2","0"
"1109503","17413","可口可乐600ml","3.00","1","0"
"1109506","3361","雪花啤酒勇闯天涯听装500ml","5.00","1","0"
"1109506","5790","徽记绿茶瓜子265g","9.50","1","0"
"1109506","4557","千禾烹调料酒500ml","7.00","1","0"
"1109512","7514","太平苏打饼干芝麻口味卷装100g","3.50","1","0"
"1109512","6111","牛浪汉颗颗豆腐香干100g","5.50","1","0"
"1109512","21463","卫龙牛味棒川香风味18g","0.50","6","0"
"1109512","6293","携成彩虹系荧光笔1支颜色随机","2.00","1","0"
"1109512","3344","渝兄重庆怪味胡豆80g","2.00","2","0"
"1109512","4999","盼盼麦香鸡味块麦香鸡味105g","4.00","1","0"
"1109512","2986","乐事薯片意大利香浓红烩味70g","6.00","1","0"
"1109515","2172","康师傅麻辣笋子牛肉面袋装110g","2.50","2","0"
"1109518","6270","代跑腿服务（黄鹤楼雅香金）","16.00","2","0"
"1109518","4901","哈尔滨啤酒冰纯ICE瓶装500ml","4.00","5","0"
"1109518","4543","久大盐350g","2.00","1","0"
"1109519","3066","好丽友派（巧克力味）204g6枚","8.80","1","0"
"1109522","6026","代跑腿服务（爱喜薄荷）","10.00","1","0"
"1109530","6030","代跑腿服务（论道黄鹤楼）","30.00","1","0"
"1109533","6026","代跑腿服务（爱喜薄荷）","10.00","1","0"
"1109535","6269","代跑腿服务（娇子格调黑）","15.00","1","0"
"1109535","5868","【桃李】奶香面包170g","6.00","1","0"
"1109535","3160","伊利味可滋香蕉牛奶240ml","4.50","1","0"
"1109535","5870","【桃李】天然酵母面包牛奶蛋羹味75g","4.00","1","0"
"1109535","2028","炫迈炫动口香糖薄荷味6片装10.8g","3.50","1","0"
"1109536","6020","代跑腿服务（X娇）","10.00","1","0"
"1109539","3942","康师傅红烧牛肉面袋装103g","2.50","2","0"
"1109539","2328","康师傅老坛酸菜牛肉面袋装118g","2.50","1","0"
"1109542","3048","康师傅鲜虾鱼板面桶装98g","4.50","1","0"
"1109542","4511","美好火腿肠30g","1.00","1","0"
"1109543","11420","【桃李】枣沙蛋糕100g","3.50","1","0"
"1109543","5871","【桃李】轻乳酪蒸蛋糕90g","4.00","1","0"
"1109543","5869","【桃李】小热狗95g","4.00","1","0"
"1109543","4418","思念灌汤水饺猪肉香菇饺子500g","6.00","1","0"
"1109543","11419","【桃李】起酥面包豆沙馅100g","3.00","1","0"
"1109543","2991","魔法士脆不可挡炫酷烤翅味干脆面/方便面50g","1.50","1","0"
"1109545","6051","五哥花生酥140g","2.80","1","0"
"1109545","4965","百事可乐2L","6.50","1","0"
"1109545","2104","洽洽香瓜子200g","6.00","1","0"
"1109545","3348","好媳妇素牛板筋麻辣素食面筋90g","2.00","1","0"
"1109545","7692","卫龙大面筋香辣味65g","2.50","1","0"
"1109551","3363","欢乐家生榨椰子汁果肉型500ml","4.80","1","0"
"1109551","4068","天马酸乌梅130g","3.00","1","0"
"1109551","2223","银鹭好粥道椰奶燕麦粥八宝粥280g","4.00","1","0"
"1109551","2851","金大洲香辣金针菇42g","3.00","1","0"
"1109552","11420","【桃李】枣沙蛋糕100g","3.50","1","0"
"1109552","6396","美好火腿肠优级56g","1.50","1","0"
"1109552","3295","菊乐酸乐奶盒装250ml","2.50","1","0"
"1109554","6595","伊利佰豆集伊利心情棒冰70g","2.00","2","0"
"1109554","3183","怡宝矿泉水纯净水桶装4.5L","8.50","1","0"
"1109554","17848","传统味道老冰棍","1.00","4","0"
"1109560","19715","好时曲奇奶香白巧克力排块40g","6.50","2","0"
"1109560","3362","百事可乐600ml","3.00","2","0"
"1109562","21463","卫龙牛味棒川香风味18g","0.50","2","0"
"1109565","3354","东莱卤鸡蛋30g","1.50","1","0"
"1109565","2526","娃哈哈AD钙奶220g*4瓶","7.00","1","0"
"1109565","5872","【桃李】鸡蛋香松包120g","4.00","1","0"
"1109565","6074","顺天缘馋嘴棒108g","2.00","1","0"
"1109565","7692","卫龙大面筋香辣味65g","2.50","1","0"
"1109565","17832","妙脆角玉米角魔力碳烧味40g","4.00","1","0"
"1109565","12304","双汇香辣香脆肠35g","1.50","1","0"
"1109565","4757","友臣肉松饼35g","1.50","1","0"
"1109566","7373","7喜冰爽柠檬味果味汽水600ml","3.50","1","0"
"1109566","5847","荷氏维果C水果硬糖青柠味34g","2.50","1","0"
"1109566","4965","百事可乐2L","6.50","1","0"
"1109590","2073","伊利纯牛奶250ml","2.50","2","0"
"1109590","5874","【桃李】手撕面包160g","5.50","1","0"
"1109590","11421","【桃李】香浓蛋糕100g","3.50","1","0"
"1109592","6044","丽芝士纳宝帝奶酪威化饼干145g","6.00","1","0"
"1109592","3354","东莱卤鸡蛋30g","1.50","1","0"
"1109592","2328","康师傅老坛酸菜牛肉面袋装118g","2.50","1","0"
"1109592","3770","康师傅泡椒牛肉面袋装99g","2.50","1","0"
"1109601","2120","苏菲口袋魔法零味感日用超薄棉柔表层卫生巾/姨妈巾240mm18片","16.50","1","0"
"1109601","4559","千禾特醋酿造食醋500ml","7.50","1","0"
"1109614","2195","雀巢1+2咖啡原味15g*7条","10.50","1","0"
"1109616","3066","好丽友派（巧克力味）204g6枚","8.80","1","0"
"1109616","3841","劲仔小鱼麻辣小鱼12g","1.00","2","0"
"1109616","6074","顺天缘馋嘴棒108g","2.00","1","0"
"1109616","18333","可口可乐罐装（新）330ml","2.50","1","0"
"1109617","3991","优乐美香芋味奶茶22g","1.00","1","0"
"1109617","2873","阿尔卑斯软糖糖果酸奶味33g条装","3.00","1","0"
"1109617","3992","优乐美麦香味奶茶22g","1.00","1","0"
"1109617","3981","口水娃兰花豆酱汁牛肉味30g","1.00","1","0"
"1109617","2423","徐福记迷你包沙琪玛松软蛋酥味糕点32g","1.80","1","0"
"1109617","3841","劲仔小鱼麻辣小鱼12g","1.00","1","0"
"1109617","2116","双汇香辣香脆肠香肠火腿肠70g","2.20","1","0"
"1109617","2312","老灶煮花生138g","4.00","1","0"
"1109620","3066","好丽友派（巧克力味）204g6枚","8.80","1","0"
"1109620","4629","三全宁波风味汤圆芝麻味500g","6.00","1","0"
"1109630","6269","代跑腿服务（娇子格调黑）","15.00","1","0"
"1109644","6028","代跑腿服务（软云）","23.00","1","0"
"1109657","3980","口水娃多味花生五香味30g","1.00","1","0"
"1109657","5857","卫龙牛味棒20g","0.50","1","0"
"1109657","2192","盼盼葱香鸡味块葱香鸡味105g","4.50","1","0"
"1109657","2082","旺旺浪味仙海苔口味薯片70g","5.50","1","0"
"1109657","11291","奥利奥夹心饼干原味116g","7.00","1","0"
"1109686","9255","香飘飘Meco牛乳茶奶茶300ml","7.50","1","0"
"1109690","3124","农夫山泉茶派（π）蜜桃乌龙茶500ml","5.00","1","0"
"1109690","18753","代跑腿服务（南京）","12.00","1","0"
"1109690","3286","农夫山泉茶派（π）柚子绿茶500ml","5.00","1","0"
"1109690","6269","代跑腿服务（娇子格调黑）","15.00","1","0"
"1109692","6025","代跑腿服务（软玉）","23.00","1","0"
"1109702","4418","思念灌汤水饺猪肉香菇饺子500g","6.50","1","0"
"1109702","4287","金龙鱼黄金比例食用调和油5L","65.00","1","0"
"1109714","6272","代跑腿服务（利群）","15.00","1","0"
"1109717","3054","康师傅老坛酸菜排骨面袋装116g","2.50","1","0"
"1109725","6270","代跑腿服务（黄鹤楼雅香金）","16.00","1","0"
"1109725","13521","雪碧清爽柠檬味汽水2L","6.50","1","0"
"1109727","3094","统一巧面馆老坛酸菜牛肉面袋装120g","2.50","1","0"
"1109727","2021","双汇润口香甜王香肠火腿肠95g","2.20","2","0"
"1109727","11291","奥利奥夹心饼干原味116g","7.00","1","0"
"1109727","2572","旺旺雪饼84g","5.00","1","0"
"1109727","2889","卫龙亲嘴烧红烧牛肉味辣条22g","0.50","2","0"
"1109740","6028","代跑腿服务（软云）","23.00","1","0"
"1109741","3859","川洋黑米锅巴麻辣味休闲食品32g","1.00","10","0"
"1109744","2880","百威啤酒罐装500ml","8.00","5","0"
"1109746","16704","可口可乐汽水888ml","4.50","1","0"
"1109746","4966","康师傅茉莉蜜茶1L","4.50","2","0"
"1109746","6028","代跑腿服务（软云）","23.00","1","0"
"1109746","9049","东鹏特饮瓶装250ml","4.00","1","0"
"1109746","6377","代跑腿服务（红双喜）","10.00","1","0"
"1109747","2931","七度空间优雅系列空气感绵面夜用卫生巾75mm5片装","5.00","1","0"
"1109747","6895","自由点瞬吸无忧薄型夜用棉柔卫生巾290mm5片","5.50","1","0"
"1109751","4901","哈尔滨啤酒冰纯ICE瓶装500ml","4.00","3","0"
"1109754","5760","宏塔龙口粉丝300g","8.00","1","0"
"1109758","6396","美好火腿肠优级56g","1.50","2","0"
"1109760","2195","雀巢1+2咖啡原味15g*7条","10.50","1","0"
"1109766","6021","代跑腿服务（蓝娇）","13.00","1","0"
"1109767","4640","红星二锅头52°500ml","12.00","1","0"
"1109767","4668","适运一次性纸杯50只装","6.50","1","0"
"1109767","2724","香飘飘奶茶香芋80g","3.50","1","0"
"1109767","5652","香飘飘奶茶草莓味80g","3.50","1","0"
"1109767","6027","代跑腿服务（紫云）","11.00","1","0"
"1109767","13414","代跑腿服务（红格调）","10.00","1","0"
"1109770","19532","一级保宁醋袋装400ml","2.50","1","0"
"1109770","5293","思念白糯小圆子小汤圆500g","6.00","1","0"
"1109770","2310","老灶煮花生320g","7.00","1","0"
"1109770","3351","洽洽焦糖瓜子108g","5.50","1","0"
"1109777","3993","优乐美奶茶原味22g","1.00","2","0"
"1109777","2725","香飘飘奶茶麦香80g","3.50","1","0"
"1109777","3992","优乐美麦香味奶茶22g","1.00","3","0"
"1109777","2890","素泡椒牛板筋辣条90g","2.00","1","0"
"1109777","3981","口水娃兰花豆酱汁牛肉味30g","1.00","1","0"
"1109777","2705","立白强效去渍洗衣皂202g","4.00","1","0"
"1109777","4013","雕牌清柠飘香透明皂/洗衣皂202g","4.00","1","0"
"1109786","5870","【桃李】天然酵母面包牛奶蛋羹味75g","4.00","1","0"
"1109786","2009","盼盼软面包奶香味200g","6.50","1","0"
"1109786","7905","盼盼法式面包奶香味200g","6.50","1","0"
"1109786","11421","【桃李】香浓蛋糕100g","3.50","1","0"
"1109787","2890","素泡椒牛板筋辣条90g","2.00","5","0"
"1109788","6460","代跑腿（万宝路爆珠）","24.00","1","0"
"1109789","2409","蒙牛真果粒芦荟牛奶250ml","3.50","1","0"
"1109789","2393","蒙牛纯牛奶250ml","2.70","2","0"
"1109789","4271","怡宝矿泉水纯净水瓶装1.5L","3.00","1","0"
"1109794","3133","乐事薯片青柠味70g","6.00","1","0"
"1109794","17413","可口可乐600ml","3.00","1","0"
"1109795","6099","喜之郎果粒爽橙汁饮料350ml","3.50","1","0"
"1109795","2461","旺仔牛奶125ml*4排装","8.00","1","0"
"1109801","2300","旺旺大米饼135g","6.00","3","0"
"1109801","3638","乐事薯片经典原味70g","6.00","2","0"
"1109801","6125","雪花啤酒天然100瓶装500ml","5.00","4","0"
"1109801","3844","乐吧薯片咖喱牛肉味50g","2.00","1","0"
"1109801","6538","京都鸡蛋面包干90g","7.00","2","0"
"1109801","2140","嘉顿威化饼干花生味50g","3.00","1","0"
"1109801","4912","新家园烤馍锅巴饼干烤馍片（口味随机）63g","2.00","3","0"
"1109801","2441","徐福记迷你包沙琪玛松软蛋黄味糕点 32g","2.00","3","0"
"1109824","6269","代跑腿服务（娇子格调黑）","15.00","2","0"
"1109825","20222","正宗椰树牌椰汁带盖1L（新）","13.50","1","0"
"1109825","3126","农夫山泉茶派（π）西柚茉莉花茶500ml","5.00","1","0"
"1109825","3125","农夫山泉茶派（π）柠檬红茶500ml","5.00","1","0"
"1109838","5073","梅林午餐肉罐头198g","9.00","1","0"
"1109839","6025","代跑腿服务（软玉）","23.00","1","0"
"1109839","6460","代跑腿（万宝路爆珠）","24.00","1","0"
"1109845","12340","仙笛棉花糖100g","3.50","1","0"
"1109845","2124","旺仔QQ糖草莓味70g","3.00","2","0"
"1109847","6273","代跑腿服务（硬天子金）","20.00","1","0"
"1109847","3362","百事可乐600ml","3.00","1","0"
"1109861","2090","旺旺小小酥葱香鸡肉味60g","3.00","1","0"
"1109861","2999","有友玩味豆腐干卤香味90g","3.00","1","0"
"1109861","4506","久大加碘精纯盐350g","2.50","1","0"
"1109861","4295","兴龙峡珍珠米5kg","33.00","1","0"
"1109863","3295","菊乐酸乐奶盒装250ml","2.50","2","0"
"1109863","2618","饭扫光野竹笋下饭菜/拌饭菜280g","8.50","1","0"
"1109877","6270","代跑腿服务（黄鹤楼雅香金）","16.00","1","0"
"1109877","3182","正宗椰树牌椰子汁植物蛋白饮料盒装245ml","4.50","2","0"
"1109877","3362","百事可乐600ml","3.00","1","0"
"1109878","4942","三全灌汤饺子猪肉白菜水饺500g","6.80","1","0"
"1109879","2117","双汇玉米热狗肠香肠火腿肠70g","2.20","2","0"
"1109879","3362","百事可乐600ml","3.00","1","0"
"1109879","3049","统一巧面馆老坛酸菜牛肉面红油味面桶装125g","4.00","1","0"
"1109879","2174","康师傅酸辣牛肉面桶装129g","4.00","1","0"
"1109879","4077","洽洽山核桃味瓜子108g","7.00","1","0"
"1109879","2732","水溶C100柠檬味水饮料445ml","5.00","1","0"
"1109880","4592","窝窝醪糟甜酒米酒400g","8.00","1","0"
"1109880","5682","香雪细滑挂面2kg","14.00","1","0"
"1109880","4470","保宁醋酿造食醋特级440ml","7.00","1","0"
"1109880","4584","海天特级金标生抽酱油500ml","9.50","1","0"
"1109880","5683","香雪筋爽挂面2kg","14.00","1","0"
"1109880","4588","李锦记蒸鱼豉油207ml","7.50","1","0"
"1109880","4419","思念黑芝麻汤圆500g","6.50","3","0"
"1109884","6025","代跑腿服务（软玉）","23.00","1","0"
"1109888","3087","魔法士脆不可挡疯狂烤肉味干脆面/方便面50g","1.50","1","0"
"1109888","3957","得益绿色红烧牛肉自热方便米饭420g","12.00","1","0"
"1109888","4511","美好火腿肠30g","1.00","2","0"
"1109897","6026","代跑腿服务（爱喜薄荷）","10.00","1","0"
"1109901","21567","鲲乐重庆小面","0.50","1","0"
"1109901","21563","麦凯奇红油辣肠26g","0.50","1","0"
"1109918","2411","沈师傅鸡蛋干酱香味100g","3.50","1","0"
"1109918","2811","张君雅小妹妹五香海苔休闲丸子80g","7.00","1","0"
"1109918","2718","丹麦葡萄干曲奇饼干90g","9.00","1","0"
"1109920","6460","代跑腿（万宝路爆珠）","25.00","1","0"
"1109926","2043","有友泡椒凤爪泡椒鸡爪210g","10.00","1","0"
"1109926","2851","金大洲香辣金针菇42g","3.00","1","0"
"1109926","12368","金磨坊鱼豆腐烧烤味23g","1.00","1","0"
"1109926","3073","有友猪皮晶山椒味泡椒味60g","3.00","1","0"
"1109926","20757","邬辣妈香辣脆皮小吃90g","2.90","1","0"
"1109926","12371","金磨坊素毛肚老坛酸菜味22g","1.00","1","0"
"1109926","3024","旺旺泡芙夹心饼干草莓味18g","1.00","1","0"
"1109934","5918","【桃李】布雪蛋糕40g","2.00","1","0"
"1109934","2178","康师傅酸萝卜老鸭汤面桶装125g","4.00","1","0"
"1109934","9255","香飘飘Meco牛乳茶奶茶300ml","7.50","1","0"
"1109934","2889","卫龙亲嘴烧红烧牛肉味辣条22g","0.50","1","0"
"1109934","3840","劲仔小鱼香辣小鱼12g","1.00","1","0"
"1109934","12369","金磨坊鱼豆腐麻辣味22g","1.00","1","0"
"1109934","12368","金磨坊鱼豆腐烧烤味23g","1.00","1","0"
"1109934","3073","有友猪皮晶山椒味泡椒味60g","3.00","1","0"
"1109934","4511","美好火腿肠30g","1.00","1","0"
"1109934","11120","旺仔牛奶罐装245ml","5.00","1","0"
"1109934","6021","代跑腿服务（蓝娇）","13.00","1","0"
"1109935","18357","张奇龙独门拉丝爽酱香味22g","1.50","1","0"
"1109935","21564","_斌哆来咪烧烤味24g","0.50","1","0"
"1109941","6460","代跑腿（万宝路爆珠）","24.00","1","0"
"1109942","4621","思念醇香黑芝麻水磨汤圆500g","6.00","1","0"
"1109955","6021","代跑腿服务（蓝娇）","13.00","2","0"
"1109955","2749","张君雅小妹妹休闲丸子日式风味80g","7.00","1","0"
"1109955","3859","川洋黑米锅巴麻辣味休闲食品32g","1.00","1","0"
"1109955","3028","百事奇多粟米棒奇多日式牛排味60g","3.50","1","0"
"1109960","4417","思念灌汤水饺猪肉韭菜饺子500g","6.00","1","0"
"1109961","4099","唯怡植物蛋白饮品豆奶1.45L","12.00","1","0"
"1109965","4099","唯怡植物蛋白饮品豆奶1.45L","12.00","1","0"
"1109965","3111","康师傅酸萝卜老鸭汤方便面袋装116g","2.50","1","0"
"1109965","2175","康师傅酸辣牛肉面袋装118g","2.50","1","0"
"1109965","3287","农夫山泉长白山矿泉水535ml","3.00","1","0"
"1109965","4101","RIO3度柠檬朗姆味鸡尾酒小罐装330ml","6.00","1","0"
"1109965","2034","怡宝矿泉水纯净水555ml","1.50","2","0"
"1109969","5754","李锦记薄盐生抽酱油500ml","8.50","1","0"
"1109969","13334","汰渍全效炫白无磷增白皂238g（肥皂）","5.00","2","0"
"1109973","6025","代跑腿服务（软玉）","23.00","2","0"
"1109977","8938","农夫山泉饮用天然水5L","10.00","1","0"
"1109978","11104","代跑腿服务（娇子祥云）","20.00","1","0"
"1109981","2282","农夫山泉矿泉水550ml","1.50","1","0"
"1109983","4965","百事可乐2L","6.50","1","0"
"1109984","5754","李锦记薄盐生抽酱油500ml","8.50","1","0"
"1109991","13576","千唯UU印花抽纸方抽80张","1.50","1","0"
"1109995","11339","【桃李】铜锣烧豆沙馅70g","2.50","2","0"
"1109995","5878","【桃李】夹馅面包120g","4.00","1","0"
"1109996","4099","唯怡植物蛋白饮品豆奶1.45L","12.00","1","0"
"1109996","3295","菊乐酸乐奶盒装250ml","2.50","3","0"
"1109997","6028","代跑腿服务（软云）","23.00","2","0"
"1110002","9226","香飘飘雪糯椰浆奶茶82g","5.00","1","0"
"1110002","2393","蒙牛纯牛奶250ml","2.50","5","0"
"1110002","2726","香飘飘奶茶红豆味64g","4.50","1","0"
"1110002","5652","香飘飘奶茶草莓味80g","3.50","1","0"
"1110002","9228","香飘飘芒果布丁奶茶80g","5.00","1","0"
"1110003","5003","坤能泡椒臭干子（面制素食）80g","2.00","1","0"
"1110003","6054","法丽兹焦糖饼干抹茶味144g","5.50","1","0"
"1110003","5800","达利熊字饼115g","3.50","1","0"
"1110003","3959","泓一Q点蔓越莓蛋糕白巧克力味28g","1.00","1","0"
"1110003","2888","卫龙亲嘴烧川香风味辣条22g","0.50","2","0"
"1110003","2328","康师傅老坛酸菜牛肉面袋装118g","2.50","1","0"
"1110003","3354","东莱卤鸡蛋30g","1.50","1","0"
"1110003","4511","美好火腿肠30g","1.00","1","0"
"1110004","6028","代跑腿服务（软云）","23.00","1","0"
"1110005","4946","康师傅冰红茶1L","4.00","1","0"
"1110005","6269","代跑腿服务（娇子格调黑）","15.00","1","0"
"1110006","21462","代跑腿服务（黄金叶细支）","18.00","1","0"
"1110010","4967","美汁源果粒橙1.25L","7.00","1","0"
"1110012","2933","苏菲口袋魔法棉柔日用超薄森呼吸卫生巾/姨妈巾9片装","8.50","1","0"
"1110012","3299","洁柔抽纸可湿水古龙水香3层150抽*3包（抽纸）","15.00","1","0"
"1110013","13071","白家陈记红味肥肠方便粉丝桶装108g","5.50","1","0"
"1110013","10103","好丽友呀土豆薯条蜂蜜黄油味40g","4.00","1","0"
"1110013","4084","乌江凉拌海带丝鲜香味50g","2.00","1","0"
"1110013","3354","东莱卤鸡蛋30g","1.50","1","0"
"1110014","21564","_斌哆来咪烧烤味24g","0.50","1","0"
"1110019","5120","二姐家常卤料56g","2.50","2","0"
"1110022","2814","红牛维生素功能饮料250ml","6.00","6","0"
"1110039","5878","【桃李】夹馅面包120g","4.00","1","0"
"1110039","3759","康师傅泡椒牛肉面桶装109g","4.00","1","0"
"1110040","5870","【桃李】天然酵母面包牛奶蛋羹味75g","4.00","3","0"
"1110046","4296","兴龙峡珍珠米10kg","60.00","2","0"
"1110053","4497","金龙鱼优质东北大米 真空 5kg","43.00","1","0"
"1110067","5743","爱选冰糖一级300g","4.50","1","0"
"1110067","5311","杜蕾斯超薄装12只装","58.00","1","0"
"1110068","6273","代跑腿服务（硬天子金）","20.00","1","0"
"1110073","4550","三养火鸡面140g","6.50","2","0"
"1110074","3183","怡宝矿泉水纯净水桶装4.5L","9.00","1","0"
"1110078","4417","思念灌汤水饺猪肉韭菜饺子500g","6.00","2","0"
"1110084","3758","康师傅麻辣牛肉面桶装103g","4.00","2","0"
"1110084","2181","康师傅香菇炖鸡面桶装104g","4.00","1","0"
"1110084","2623","银鹭好粥道黑米粥八宝粥280g","3.80","1","0"
"1110084","2174","康师傅酸辣牛肉面桶装129g","4.00","2","0"
"1110084","3943","康师傅麻辣牛肉面袋装101g","2.50","1","0"
"1110084","3354","东莱卤鸡蛋30g","1.50","3","0"
"1110084","3942","康师傅红烧牛肉面袋装103g","2.50","1","0"
"1110087","13083","白家陈记酸菜鱼味粉丝袋装108克","4.50","1","0"
"1110089","2183","康师傅香锅牛肉面桶装124g","4.00","1","0"
"1110089","3354","东莱卤鸡蛋30g","1.50","1","0"
"1110089","4511","美好火腿肠30g","1.00","1","0"
"1110094","4511","美好火腿肠30g","1.00","5","0"
"1110108","6026","代跑腿服务（爱喜薄荷）","10.00","1","0"
"1110115","6020","代跑腿服务（X娇）","10.00","1","0"
"1110122","6452","陈克明特一银丝面条挂面1kg","10.00","1","0"
"1110125","4790","新时达双面胶0.9cm","1.00","3","0"
"1110137","6072","正尚口水鸡（豆制素食）80g","2.00","2","0"
"1110137","2887","卫龙亲嘴烧麦辣鸡汁味辣条22g","0.50","3","0"
"1110137","5003","坤能泡椒臭干子（面制素食）80g","2.00","1","0"
"1110137","2912","甜甜乐星球杯巧克力浆+饼干粒20g","0.50","4","0"
"1110137","12441","老农夫宫保鸡丁（酱卤肉制品）70g","4.00","1","0"
"1110137","6118","不二家棒棒糖1支","1.00","2","0"
"1110137","2713","Richeese丽芝士纳宝帝奶酪威化饼干58g","2.50","1","0"
"1110137","3350","法丽兹曲奇饼干抹茶慕斯巧克力味58g","4.00","1","0"
"1110137","12367","金磨坊手撕素肉卷香辣牛肉味26g","1.00","2","0"
"1110143","6090","农夫山庄无核葡萄干180g","9.00","1","0"
"1110152","6389","川红锦料酒调味料酒瓶装500ml","6.00","1","0"
"1110152","4508","莎麦鸡精100g","4.00","1","0"
"1110153","3018","旺仔QQ糖水蜜桃味70g","1.50","1","0"
"1110153","2184","康师傅香锅牛肉面袋装104g","2.50","1","0"
"1110153","3354","东莱卤鸡蛋30g","1.50","1","0"
"1110158","6083","正林瓜子125g","6.00","1","0"
"1110158","3758","康师傅麻辣牛肉面桶装103g","4.00","1","0"
"1110158","4511","美好火腿肠30g","1.00","2","0"
"1110173","4901","哈尔滨啤酒冰纯ICE瓶装500ml","4.00","3","0"
"1110176","3959","泓一Q点蔓越莓蛋糕白巧克力味28g","1.00","1","0"
"1110176","3073","有友猪皮晶山椒味泡椒味60g","3.00","1","0"
"1110176","18360","雪碧柠檬味汽水罐装330ml","2.50","1","0"
"1110176","11454","美汁源爽粒葡萄+玫瑰味420ml","4.00","1","0"
"1110176","3024","旺旺泡芙夹心饼干草莓味18g","1.00","1","0"
"1110180","3942","康师傅红烧牛肉面袋装103g","2.50","2","0"
"1110180","2328","康师傅老坛酸菜牛肉面袋装118g","2.50","1","0"
"1110180","4085","鱼泉鲜香榨菜鲜香原味70g","1.50","2","0"
"1110184","3183","怡宝矿泉水纯净水桶装4.5L","8.50","13","0"
"1110185","3835","达利园法式软面包香橙味200g","6.50","1","0"
"1110185","2572","旺旺雪饼84g","5.00","1","0"
"1110185","2089","旺旺仙贝52g","4.50","1","0"
"1110185","2092","旺旺小小酥原味60g","3.00","1","0"
"1110193","4475","建华香油调和型450ml","16.00","1","0"
"1110196","2028","炫迈炫动口香糖薄荷味6片装10.8g","3.50","1","0"
"1110196","3126","农夫山泉茶派（π）西柚茉莉花茶500ml","5.00","1","0"
"1110196","6025","代跑腿服务（软玉）","23.00","1","0"
"1110201","4085","鱼泉鲜香榨菜鲜香原味70g","1.50","2","0"
"1110201","3361","雪花啤酒勇闯天涯听装500ml","4.50","3","0"
"1110201","6271","代跑腿服务（宽窄）","30.00","2","0"
"1110215","2993","老程华奇味花生140g","4.50","1","0"
"1110220","2282","农夫山泉矿泉水550ml","1.50","4","0"
"1110220","17862","零度可口可乐500ml","3.00","1","0"
"1110234","6029","代跑腿服务（软蓝黄鹤楼）","20.00","1","0"
"1110234","6026","代跑腿服务（爱喜薄荷）","10.00","1","0"
"1110234","3362","百事可乐600ml","3.00","1","0"
"1110235","2731","金罐加多宝凉茶罐装310ml","3.00","1","0"
"1110235","3362","百事可乐600ml","3.00","1","0"
"1110235","4271","怡宝矿泉水纯净水瓶装1.5L","3.00","4","0"
"1110235","2031","雪碧清爽柠檬味汽水500ml","3.00","1","0"
"1110235","5978","养元六个核桃240ml","4.00","5","0"
"1110235","4090","光明风味酸牛奶芦荟味160g","3.50","1","0"
"1110235","3130","伊利舒化无乳糖牛奶低脂型250ml","4.00","2","0"
"1110235","2401","蒙牛特仑苏纯牛奶250ml","4.50","3","0"
"1110235","2393","蒙牛纯牛奶250ml","2.50","5","0"
"1110235","3295","菊乐酸乐奶盒装250ml","2.50","5","0"
"1110236","2723","香飘飘奶茶原味80g","3.50","1","0"
"1110236","6029","代跑腿服务（软蓝黄鹤楼）","19.00","1","0"
"1110240","2092","旺旺小小酥原味60g","3.00","1","0"
"1110240","3076","百事奇多粟米棒美式火鸡味60g","3.50","1","0"
"1110240","5918","【桃李】布雪蛋糕40g","2.00","1","0"
"1110240","5870","【桃李】天然酵母面包牛奶蛋羹味75g","4.00","1","0"
"1110240","7642","名仁6个柠檬375ml","3.50","1","0"
"1110240","2148","洁柔古龙水香手帕纸12包","7.50","1","0"
"1110271","4466","李锦记精选生抽酱油500ml","9.00","1","0"
"1110271","12579","农心辛拉面香菇牛肉面袋装120g","5.50","1","0"
"1110271","4832","建华花椒油瓶装230ml","11.50","1","0"
"1110271","6044","丽芝士纳宝帝奶酪威化饼干145g","6.00","1","0"
"1110271","7692","卫龙大面筋香辣味65g","2.50","1","0"
"1110284","4985","赖汤圆黑芝麻汤圆500g","6.00","1","0"
"1110286","6389","川红锦料酒调味料酒瓶装500ml","6.00","1","0"
"1110292","6028","代跑腿服务（软云）","23.00","1","0"
"1110295","17831","星巴克原味咖啡条装30g","2.00","1","0"
"1110295","9228","香飘飘芒果布丁奶茶80g","5.00","1","0"
"1110295","2073","伊利纯牛奶250ml","2.50","1","0"
"1110295","20289","唐啵虎阿萨姆味奶茶","2.00","1","0"
"1110295","17830","星巴克卡布其诺味条装30g","2.00","1","0"
"1110295","20287","唐啵虎抹茶味奶茶","2.00","1","0"
"1110295","20288","唐啵虎招牌味奶茶","2.00","1","0"
"1110296","6028","代跑腿服务（软云）","23.00","1","0"
"1110299","4918","福字贺字大号红包","1.00","1","0"
"1110301","18333","可口可乐罐装（新）330ml","2.50","1","0"
"1110304","6471","苏菲超熟睡AIR气垫夜用卫生巾420mm4片","9.50","1","0"
"1110304","2119","苏菲弹力贴身柔棉感日用纤巧卫生巾/姨妈巾10片","8.50","1","0"
"1110322","11293","代跑腿服务（娇子格调白）","18.00","1","0"
"1110322","4782","泸花HU-009中性笔0.55mm","1.00","1","0"
"1110322","5697","晨光Q7C中性笔红色0.5mm","1.50","1","0"
"1110328","6118","不二家棒棒糖1支","1.00","2","0"
"1110328","3303","洁柔布艺圆点抽取式面巾纸200抽","13.00","1","0"
"1110329","3018","旺仔QQ糖水蜜桃味70g","3.00","1","0"
"1110329","2411","沈师傅鸡蛋干酱香味100g","3.50","1","0"
"1110329","3009","格力高百醇红酒巧克力味48g","5.50","1","0"
"1110329","4757","友臣肉松饼35g","1.50","1","0"
"1110332","2047","子弟薯片纯香原味45g","2.50","1","0"
"1110332","13521","雪碧清爽柠檬味汽水2L","6.50","1","0"
"1110332","4271","怡宝矿泉水纯净水瓶装1.5L","3.00","1","0"
"1110334","2172","康师傅麻辣笋子牛肉面袋装110g","2.50","1","0"
"1110334","4511","美好火腿肠30g","1.00","2","0"
"1110334","3098","统一巧面馆麻辣笋子牛肉面袋装112g","2.50","1","0"
"1110334","6377","代跑腿服务（红双喜）","10.00","1","0"
"1110334","6028","代跑腿服务（软云）","23.00","1","0"
"1110343","20771","巧大娘巧乐鱿鱼麻辣味小吃15g","1.50","1","0"
"1110343","3354","东莱卤鸡蛋30g","1.50","1","0"
"1110343","3073","有友猪皮晶山椒味泡椒味60g","3.00","1","0"
"1110345","6161","立白新金桔洗洁精1.29kg","11.50","1","0"
"1110345","20649","功夫山楂25g","1.50","1","0"
"1110347","5865","【桃李】鸡腿汉堡包140g","5.50","1","0"
"1110347","5869","【桃李】小热狗95g","4.00","1","0"
"1110354","2187","可比克薯片蕃茄味60g","3.50","1","0"
"1110354","5869","【桃李】小热狗95g","4.00","1","0"
"1110354","7692","卫龙大面筋香辣味65g","2.50","1","0"
"1110354","3122","子弟薯片浓香红烩味45g","3.50","1","0"
"1110354","9229","子弟薯片巴西烤肉味45g","3.50","1","0"
"1110354","20754","贤哥红烧素肉卷109g","3.50","1","0"
"1110354","3933","甘源牌蟹黄味瓜子仁75g","3.50","1","0"
"1110354","3028","百事奇多粟米棒奇多日式牛排味60g","3.50","1","0"
"1110357","2043","有友泡椒凤爪泡椒鸡爪210g","10.00","1","0"
"1110357","2889","卫龙亲嘴烧红烧牛肉味辣条22g","0.50","1","0"
"1110357","2310","老灶煮花生320g","7.00","1","0"
"1110357","2066","子弟薯片黑椒牛扒味45g","3.50","1","0"
"1110357","12400","新家园烤馍锅巴孜然味63g","2.00","1","0"
"1110357","2986","乐事薯片意大利香浓红烩味70g","6.00","1","0"
"1110357","16821","好丽友蛋黄派两枚盒装46g","4.00","1","0"
"1110357","2887","卫龙亲嘴烧麦辣鸡汁味辣条22g","0.50","1","0"
"1110357","3073","有友猪皮晶山椒味泡椒味60g","3.00","1","0"
"1110357","3330","牛浪汉麻辣牛肉160g","15.00","1","0"
"1110376","3361","雪花啤酒勇闯天涯听装500ml","4.50","6","0"
"1110376","5293","思念白糯小圆子小汤圆500g","6.00","1","0"
"1110376","4099","唯怡植物蛋白饮品豆奶1.45L","12.00","1","0"
"1110376","20222","正宗椰树牌椰汁带盖1L（新）","13.50","1","0"
"1110376","5126","德f干锅鸡兔虾麻辣调料150g","5.00","1","0"
"1110382","2887","卫龙亲嘴烧麦辣鸡汁味辣条22g","0.50","4","0"
"1110382","2043","有友泡椒凤爪泡椒鸡爪210g","10.00","1","0"
"1110382","3841","劲仔小鱼麻辣小鱼12g","1.00","1","0"
"1110382","3840","劲仔小鱼香辣小鱼12g","1.00","2","0"
"1110387","4901","哈尔滨啤酒冰纯ICE瓶装500ml","4.00","4","0"
"1110406","2749","张君雅小妹妹休闲丸子日式风味80g","7.00","1","0"
"1110406","6021","代跑腿服务（蓝娇）","13.00","2","0"
"1110420","6026","代跑腿服务（爱喜薄荷）","10.00","1","0"
"1110420","2736","康师傅茉莉清茶500ml","2.50","1","0"
"1110423","21522","代跑腿（万宝路爆珠）","24.00","1","0"
"1110423","2936","ABC日用纤薄240卫生巾个人护理8片","7.50","2","0"
"1110424","3362","百事可乐600ml","3.00","1","0"
"1110424","17413","可口可乐600ml","3.00","1","0"
"1110424","17862","零度可口可乐500ml","3.00","1","0"
"1110427","6161","立白新金桔洗洁精1.29kg","11.50","1","0"
"1110430","2844","小茗同学青柠红茶480ml","5.00","1","0"
"1110430","3182","正宗椰树牌椰子汁植物蛋白饮料盒装245ml","4.50","1","0"
"1110430","2738","统一阿萨姆奶茶原味500ml","4.00","1","0"
"1110430","18333","可口可乐罐装（新）330ml","2.50","2","0"
"1110436","6269","代跑腿服务（娇子格调黑）","15.00","1","0"
"1110436","6026","代跑腿服务（爱喜薄荷）","10.00","1","0"
"1110453","3361","雪花啤酒勇闯天涯听装500ml","5.00","6","0"
"1110453","6125","雪花啤酒天然100瓶装500ml","5.00","12","0"
"1110462","4419","思念黑芝麻汤圆500g","6.50","1","0"
"1110471","2720","丹麦曲奇饼干饼干原味90g","9.00","1","0"
"1110481","4621","思念醇香黑芝麻水磨汤圆500g","6.00","1","0"
"1110507","5874","【桃李】手撕面包160g","5.50","2","0"
"1110523","20929","代跑腿服务（爱喜爆珠）","15.00","1","0"
"1110523","3295","菊乐酸乐奶盒装250ml","2.50","2","0"
"1110530","5869","【桃李】小热狗95g","4.00","1","0"
"1110530","3295","菊乐酸乐奶盒装250ml","2.50","1","0"
"1110530","5874","【桃李】手撕面包160g","5.50","1","0"
"1110533","2184","康师傅香锅牛肉面袋装104g","2.50","1","0"
"1110533","2415","唐记锅巴麻辣味70g","2.00","1","0"
"1110533","12369","金磨坊鱼豆腐麻辣味22g","1.00","1","0"
"1110533","3133","乐事薯片青柠味70g","6.00","1","0"
"1110533","4418","思念灌汤水饺猪肉香菇饺子500g","6.00","1","0"
"1110533","13081","白家陈记老坛酸菜粉丝袋装108克","4.50","1","0"
"1110533","7692","卫龙大面筋香辣味65g","2.50","1","0"
"1110533","2163","康师傅辣卤香牛肉面袋装101g","2.50","1","0"
"1110539","6026","代跑腿服务（爱喜薄荷）","10.00","1","0"
"1110539","3362","百事可乐600ml","3.00","1","0"
"1110549","3362","百事可乐600ml","3.00","3","0"
"1110549","6270","代跑腿服务（黄鹤楼雅香金）","16.00","2","0"
"1110557","21031","代跑腿（ESSE爱喜蓝香烟）","15.00","1","0"
"1110560","4514","莎麦鸡精227g","9.00","1","0"
"1110560","2936","ABC日用纤薄240卫生巾个人护理8片","8.50","1","0"
"1110560","19289","鲜花椒油400ml","18.50","1","0"
"1110569","3993","优乐美奶茶原味22g","1.00","7","0"
"1110569","3841","劲仔小鱼麻辣小鱼12g","1.00","5","0"
"1110569","21561","飘零大叔猪肉脯蜜汁50g","6.50","3","0"
"1110569","2871","高乐高卷心夹心蛋糕巧克力牛奶口味25g","1.50","2","0"
"1110569","3006","格力高百醇巧克力味48g","6.00","2","0"
"1110569","2666","七度空间少女系列纯棉表层透气超长夜用超薄卫生巾/姨妈巾338mm","9.00","1","0"
"1110569","16700","芬达橙味汽水500ml","3.00","2","0"
"1110576","5631","双益鸡蛋龙须面条750g","6.00","1","0"
"1110579","6445","花中花水晶珍珠米5kg","45.00","1","0"
"1110597","4589","李锦记味蚝鲜蚝油235g","4.00","1","0"
"1110597","4960","君红花椒粉25g","2.00","1","0"
"1110597","5117","五丰黎红藤椒油265ml","13.00","1","0"
"1110597","5119","君红白胡椒粉25g","2.00","1","0"
"1110597","16964","信王绿玉珍珠米2.5kg","21.00","1","0"
"1110597","4588","李锦记蒸鱼豉油207ml","7.50","1","0"
"1110597","4585","海天特级草菇老抽酱油500ml","10.00","1","0"
"1110597","16989","中坝双磨生抽酱油500ml","18.00","1","0"
"1110597","14470","保宁醋手工特制500ml","15.00","1","0"
"1110597","4606","放养谷物土鸡蛋15枚装","14.50","2","0"
"1110597","4591","小米辣小米椒200g","2.00","1","0"
"1110597","20216","福利人家红油郫县豆瓣500g","5.00","1","0"
"1110597","4592","窝窝醪糟甜酒米酒400g","8.00","1","0"
"1110597","4419","思念黑芝麻汤圆500g","6.50","2","0"
"1110597","5115","中坝浓香老抽酱油500ml","6.00","1","0"
"1110597","5153","三山芝麻调和油375ml","11.00","1","0"
"1110621","5867","【桃李】豆沙面包170g","5.50","1","0"
"1110621","3295","菊乐酸乐奶盒装250ml","2.50","2","0"
"1110621","3198","费列罗榛果威化巧克力3粒装37.5g","8.50","2","0"
"1110628","5956","振兴AM008平盖木棒棉签棉棒200支","5.50","1","0"
"1110628","2329","有友泡椒凤爪泡椒鸡爪100g","5.00","1","0"
"1110628","2098","喜之郎什锦果肉果冻200g","4.00","1","0"
"1110628","2738","统一阿萨姆奶茶原味500ml","4.00","1","0"
"1110628","2725","香飘飘奶茶麦香80g","3.50","2","0"
"1110635","2720","丹麦曲奇饼干饼干原味90g","9.00","2","0"
"1110636","3917","汤达人酸酸辣豚骨面杯面83g","5.50","2","0"
"1110638","11337","【桃李】醇熟全麦切片面包2片装130g","3.00","1","0"
"1110643","6021","代跑腿服务（蓝娇）","13.00","1","0"
"1110648","2104","洽洽香瓜子200g","6.00","1","0"
"1110648","4084","乌江凉拌海带丝鲜香味50g","2.00","2","0"
"1110648","3295","菊乐酸乐奶盒装250ml","2.50","1","0"
"1110661","3913","康元虾条60g","3.50","1","0"
"1110661","2326","上好佳鲜虾片40g","4.50","1","0"
"1110661","5822","老程华蛋皮花生150g","5.00","1","0"
"1110661","4757","友臣肉松饼35g","1.50","2","0"
"1110669","6362","金陵大号爱心针线盒","9.00","1","0"
"1110670","6028","代跑腿服务（软云）","23.00","1","0"
"1110674","2979","正宗椰树牌椰子汁植物蛋白饮料罐装245ml","4.50","4","0"
"1110674","4037","丁大姐棒棒鸡辣条面筋食品面制素食110g","2.00","5","0"
"1110678","20627","仪隆甜面酱400g","4.00","1","0"
"1110678","5336","鹃城牌红油豆瓣酱1.2kg","14.00","1","0"
"1110682","6840","得益绿色香辣鸡丁方便米饭162g","8.00","1","0"
"1110690","4415","思念灌汤水饺猪肉芹菜饺子500g","6.50","1","0"
"1110690","4419","思念黑芝麻汤圆500g","6.50","1","0"
"1110690","2664","七度空间优雅系列日用丝柔超薄卫生巾/姨妈巾245mm10片","7.50","1","0"
"1110690","2331","维达双层轻巧方巾纸巾50张","1.50","1","0"
"1110697","6026","代跑腿服务（爱喜薄荷）","10.00","1","0"
"1110699","4967","美汁源果粒橙1.25L","7.50","1","0"
"1110699","2331","维达双层轻巧方巾纸巾50张","1.50","9","0"
"1110699","4414","安慕希酸奶蓝莓味205g","5.50","1","0"
"1110699","4963","可口可乐2L","7.50","1","0"
"1110707","16329","好丽友呀土豆薯条滋香烤鸡味70g","5.00","1","0"
"1110707","5874","【桃李】手撕面包160g","5.50","1","0"
"1110714","6272","代跑腿服务（利群）","15.00","1","0"
"1110714","4946","康师傅冰红茶1L","4.50","2","0"
"1110715","6838","得益绿色香辣牛肉方便米饭162g","8.00","1","0"
"1110716","4543","久大盐350g","2.00","1","0"
"1110716","3125","农夫山泉茶派（π）柠檬红茶500ml","5.00","1","0"
"1110719","2163","康师傅辣卤香牛肉面袋装101g","2.50","1","0"
"1110719","18893","双汇大骨肠40g","1.50","1","0"
"1110724","6270","代跑腿服务（黄鹤楼雅香金）","16.00","1","0"
"1110734","5868","【桃李】奶香面包170g","6.00","1","0"
"1110734","3182","正宗椰树牌椰子汁植物蛋白饮料盒装245ml","4.50","1","0"
"1110744","6026","代跑腿服务（爱喜薄荷）","10.00","1","0"
"1110749","3362","百事可乐600ml","3.00","5","0"
"1110749","2194","雀巢丝滑拿铁咖啡268ml","5.00","5","0"
"1110749","21070","代跑腿服务（荷花钻石）","50.00","1","0"
"1110749","21522","代跑腿（万宝路爆珠）","24.00","1","0"
"1110749","2814","红牛维生素功能饮料250ml","6.00","6","0"
"1110751","17403","雪碧零卡汽水500ml","3.00","1","0"
"1110760","2993","老程华奇味花生140g","4.50","1","0"
"1110760","3330","牛浪汉麻辣牛肉160g","15.00","1","0"
"1110760","5010","真知棒棒棒糖什锦水果味9.2g","0.50","1","0"
"1110760","6933","奥利奥小饼干草莓味杯装55g","5.00","1","0"
"1110765","2933","苏菲口袋魔法棉柔日用超薄森呼吸卫生巾/姨妈巾9片装","8.50","1","0"
"1110782","4099","唯怡植物蛋白饮品豆奶1.45L","12.00","1","0"
"1110786","6127","雪花啤酒纯生听装500ml","7.50","12","0"
"1110787","6028","代跑腿服务（软云）","23.00","1","0"
"1110792","3361","雪花啤酒勇闯天涯听装500ml","4.50","1","0"
"1110792","5749","甘竹牌豆豉鱼罐头184g","9.00","1","0"
"1110792","6021","代跑腿服务（蓝娇）","13.00","1","0"
"1110794","3082","统一巧面馆卤香牛肉面桶装113g","4.00","1","0"
"1110796","2932","苏菲超熟睡420柔棉感卫生巾/姨妈巾4片装","8.50","1","0"
"1110796","6885","护舒宝云感棉极薄日用卫生巾240mm5片","7.00","1","0"
"1110796","5344","甜源地醪糟米酒400g","6.00","1","0"
"1110796","4942","三全灌汤饺子猪肉白菜水饺500g","6.00","1","0"
"1110808","2073","伊利纯牛奶250ml","2.50","4","0"
"1110818","6026","代跑腿服务（爱喜薄荷）","10.00","1","0"
"1110819","6072","正尚口水鸡（豆制素食）80g","2.00","1","0"
"1110819","2415","唐记锅巴麻辣味70g","2.00","1","0"
"1110819","3150","牛羊配（花色形膨化食品）五香辣味90g","2.50","1","0"
"1110819","4261","康师傅泡椒竹笋鸡方便面袋装99g","2.50","1","0"
"1110819","2163","康师傅辣卤香牛肉面袋装101g","2.50","1","0"
"1110820","2932","苏菲超熟睡420柔棉感卫生巾/姨妈巾4片装","8.50","1","0"
"1110820","6885","护舒宝云感棉极薄日用卫生巾240mm5片","7.00","1","0"
"1110821","6273","代跑腿服务（硬天子金）","20.00","1","0"
"1110823","16704","可口可乐汽水888ml","4.50","1","0"
"1110825","6269","代跑腿服务（娇子格调黑）","15.00","2","0"
"1110832","4084","乌江凉拌海带丝鲜香味50g","2.00","10","0"
"1110832","2031","雪碧清爽柠檬味汽水500ml","3.00","1","0"
"1110832","18333","可口可乐罐装（新）330ml","2.50","1","0"
"1110833","6549","伊利牛奶片原味16g","2.00","20","0"
"1110833","2881","哈尔滨啤酒小麦王罐装330ml","3.00","4","0"
"1110835","5858","有友酸菜泡凤爪泡鸡爪120g","6.50","1","0"
"1110837","3361","雪花啤酒勇闯天涯听装500ml","4.50","4","0"
"1110840","2104","洽洽香瓜子200g","6.00","1","0"
"1110840","2310","老灶煮花生320g","7.00","1","0"
"1110840","2300","旺旺大米饼135g","6.00","1","0"
"1110840","3330","牛浪汉麻辣牛肉160g","15.00","1","0"
"1110840","2049","子弟薯片清怡黄瓜味45g","3.50","1","0"
"1110840","3134","乐事薯片黄瓜味70g","6.00","1","0"
"1110840","12240","川洋黑米锅巴香葱味30g","1.00","1","0"
"1110840","2984","乐事大波浪薯片香脆烤鸡翅味70g","6.50","1","0"
"1110840","2187","可比克薯片蕃茄味60g","3.50","1","0"
"1110840","2092","旺旺小小酥原味60g","3.00","1","0"
"1110840","5818","老程华香酥麻元160g","4.00","1","0"
"1110840","5858","有友酸菜泡凤爪泡鸡爪120g","6.50","1","0"
"1110840","3938","有友玩味泡椒花生100g","3.50","1","0"
"1110840","7514","太平苏打饼干芝麻口味卷装100g","3.50","1","0"
"1110840","2215","乐事薯片无限昕救馕104g","8.50","1","0"
"1110840","12397","黄老五花生酥椒盐味138g","10.00","1","0"
"1110840","2040","有友泡椒凤翅100g","4.50","1","0"
"1110840","8124","乐事薯片原味104g","8.50","1","0"
"1110840","8682","旺旺浪味仙海苔味30g","2.50","1","0"
"1110840","2720","丹麦曲奇饼干饼干原味90g","9.00","1","0"
"1110840","2740","好吃点香脆核桃饼干108g","3.50","1","0"
"1110840","5827","太平梳打饼干奶盐味100g","3.50","1","0"
"1110840","2741","好吃点香脆腰果饼干108g","3.50","1","0"
"1110840","5829","太平梳打饼干海苔味100g","3.50","1","0"
"1110840","5870","【桃李】天然酵母面包牛奶蛋羹味75g","4.00","1","0"
"1110840","4092","光明风味酸牛奶原味160g","3.50","2","0"
"1110840","4090","光明风味酸牛奶芦荟味160g","3.50","2","0"
"1110872","6270","代跑腿服务（黄鹤楼雅香金）","16.00","1","0"
"1110872","2401","蒙牛特仑苏纯牛奶250ml","4.50","3","0"
"1110876","6269","代跑腿服务（娇子格调黑）","15.00","1","0"
"1110881","4963","可口可乐2L","7.50","1","0"
"1110882","5877","【桃李】蔓越莓核桃面包120g","5.50","2","0"
"1110884","4942","三全灌汤饺子猪肉白菜水饺500g","6.00","1","0"
"1110884","4543","久大盐350g","2.00","1","0"
"1110884","3301","千唯欧典抽取式面巾纸/抽纸400张*3包短款装","7.50","3","0"
"1110884","5327","达恒毛红苕淀粉300g","5.00","1","0"
"1110889","3859","川洋黑米锅巴麻辣味休闲食品32g","1.00","1","0"
"1110889","19388","五姐妹手工锅巴麻辣味200g","5.50","1","0"
"1110889","6762","康师傅酸梅汤500ml","3.00","1","0"
"1110889","2415","唐记锅巴麻辣味70g","2.00","1","0"
"1110892","20348","湾仔码头韭菜猪肉水饺子36只装720g","29.00","1","0"
"1110892","2172","康师傅麻辣笋子牛肉面袋装110g","2.50","1","0"
"1110894","4910","五常大米绿色生态米5kg","119.00","1","0"
"1110897","4942","三全灌汤饺子猪肉白菜水饺500g","6.00","1","0"
"1110900","6028","代跑腿服务（软云）","23.00","1","0"
"1110908","5603","南孚丰蓝1号电池1对","9.50","1","0"
"1110915","11289","奥利奥夹心饼干巧克力味58g","3.50","1","0"
"1110921","6450","陈克明高筋玉带面条挂面1kg","8.80","1","0"
"1110932","3184","农夫山泉矿泉水4L","8.50","1","0"
"1110932","5247","公牛GN-610插线板3米","45.00","1","0"
"1110944","3133","乐事薯片青柠味70g","6.00","1","0"
"1110945","4099","唯怡植物蛋白饮品豆奶1.45L","12.00","1","0"
"1110945","13334","汰渍全效炫白无磷增白皂238g（肥皂）","5.00","1","0"
"1110956","6028","代跑腿服务（软云）","23.00","1","0"
"1110978","5003","坤能泡椒臭干子（面制素食）80g","2.00","1","0"
"1110978","2049","子弟薯片清怡黄瓜味45g","3.50","1","0"
"1110978","13487","奥利奥夹心饼干抹茶味97g","6.50","2","0"
"1110978","13482","奥利奥夹心饼干草莓味116g","6.50","1","0"
"1110978","3009","格力高百醇红酒巧克力味48g","5.50","1","0"
"1110978","13491","奥利奥夹心饼干巧轻脆柔滑香草慕斯味95g","7.00","1","0"
"1110987","5870","【桃李】天然酵母面包牛奶蛋羹味75g","4.00","2","0"
"1110987","5867","【桃李】豆沙面包170g","5.50","1","0"
"1110987","11339","【桃李】铜锣烧豆沙馅70g","2.50","1","0"
"1110987","6389","川红锦料酒调味料酒瓶装500ml","6.00","1","0"
"1110987","11419","【桃李】起酥面包豆沙馅100g","3.00","2","0"
"1110989","3859","川洋黑米锅巴麻辣味休闲食品32g","1.00","2","0"
"1110989","4757","友臣肉松饼35g","1.50","2","0"
"1110989","4085","鱼泉鲜香榨菜鲜香原味70g","1.50","1","0"
"1110989","3850","咪咪乐园点心面红烧牛肉味/虾条82g","2.00","1","0"
"1110989","3150","牛羊配（花色形膨化食品）五香辣味90g","2.50","1","0"
"1110989","2415","唐记锅巴麻辣味70g","2.00","1","0"
"1110989","16704","可口可乐汽水888ml","4.50","1","0"
"1110994","2932","苏菲超熟睡420柔棉感卫生巾/姨妈巾4片装","8.50","1","0"
"1110994","4946","康师傅冰红茶1L","4.50","1","0"
"1110994","11420","【桃李】枣沙蛋糕100g","3.50","1","0"
"1110994","2813","张君雅小妹妹巧克力味甜甜圈45g","7.00","1","0"
"1110996","6273","代跑腿服务（硬天子金）","20.00","1","0"
"1110996","5827","太平梳打饼干奶盐味100g","3.50","2","0"
"1110997","3160","伊利味可滋香蕉牛奶240ml","4.50","1","0"
"1110997","5978","养元六个核桃240ml","4.00","1","0"
"1110997","2108","伊利谷粒多红豆红米花生牛奶250ml","2.50","2","0"
"1110997","3198","费列罗榛果威化巧克力3粒装37.5g","8.50","1","0"
"1110998","5870","【桃李】天然酵母面包牛奶蛋羹味75g","4.00","1","0"
"1111001","3933","甘源牌蟹黄味瓜子仁75g","3.50","1","0"
"1111002","2401","蒙牛特仑苏纯牛奶250ml","4.60","1","0"
"1111005","3124","农夫山泉茶派（π）蜜桃乌龙茶500ml","5.00","2","0"
"1111005","3362","百事可乐600ml","3.00","2","0"
"1111011","2991","魔法士脆不可挡炫酷烤翅味干脆面/方便面50g","1.50","1","0"
"1111011","3111","康师傅酸萝卜老鸭汤方便面袋装116g","2.50","1","0"
"1111011","2168","康师傅卤香牛肉面袋装105g","2.50","1","0"
"1111011","3090","魔法士脆不可挡给力柠檬鸡味干脆面/方便面50g","1.50","1","0"
"1111049","2047","子弟薯片纯香原味45g","2.50","2","0"
"1111049","2874","阿尔卑斯原味牛奶软糖充气糖33g","1.50","1","0"
"1111049","7496","吉香居香辣木耳榨菜106g","2.50","1","0"
"1111055","13490","奥利奥巧轻脆夹心饼干柠檬芝士蛋糕味95g","7.00","2","0"
"1111055","3196","不二家棒棒糖蜜桃味+葡萄味+哈密瓜味+香橙味50g","5.50","1","0"
"1111055","2846","不二家棒棒糖草莓牛奶味+芒果牛奶味8支装46g","5.50","1","0"
"1111055","2625","金丝猴麦丽素糖果巧克力80g","4.50","2","0"
"1111055","13491","奥利奥夹心饼干巧轻脆柔滑香草慕斯味95g","7.00","1","0"
"1111055","3014","格力高百醇抹茶慕斯味48g","5.50","3","0"
"1111071","7692","卫龙大面筋香辣味65g","2.50","1","0"
"1111071","4082","与美山椒海白菜80g","2.00","1","0"
"1111071","12367","金磨坊手撕素肉卷香辣牛肉味26g","1.00","3","0"
"1111071","2094","喜之郎黄桃蜜桃果肉果冻200g","4.00","1","0"
"1111071","12318","波力海苔4.5g","4.00","1","0"
"1111071","17413","可口可乐600ml","3.00","1","0"
"1111078","5633","国泰味精200g","4.50","1","0"
"1111078","3362","百事可乐600ml","3.00","1","0"
"1111081","3184","农夫山泉矿泉水4L","8.50","2","0"
"1111082","5073","梅林午餐肉罐头198g","9.00","1","0"
"1111084","3090","魔法士脆不可挡给力柠檬鸡味干脆面/方便面50g","1.50","1","0"
"1111084","3093","统一巧面馆老坛泡椒牛肉面袋装107g","2.50","1","0"
"1111084","21600","旺旺大团缘大礼包600g","38.00","1","0"
"1111088","13395","五常长粒香大米10kg","72.00","1","0"
"1111088","5736","鑫旺宝白砂糖（白糖）380g","6.00","1","0"
"1111088","19533","豪吉鸡精100g","4.00","1","0"
"1111088","5750","君红小磨香油360g","10.50","1","0"
"1111089","6269","代跑腿服务（娇子格调黑）","15.40","2","0"
"1111090","2009","盼盼软面包奶香味200g","6.50","1","0"
"1111090","2741","好吃点香脆腰果饼干108g","3.50","1","0"
"1111090","3850","咪咪乐园点心面红烧牛肉味/虾条82g","2.00","1","0"
"1111091","4099","唯怡植物蛋白饮品豆奶1.45L","12.00","2","0"
"1111093","2935","ABC超吸棉柔护垫个人护理22片","6.50","1","0"
"1111103","7059","蜂花蚕丝蛋白蓝护发素450ml","7.00","1","0"
"1111103","2401","蒙牛特仑苏纯牛奶250ml","4.35","1","0"
"1111104","2168","康师傅卤香牛肉面袋装105g","2.50","1","0"
"1111104","2163","康师傅辣卤香牛肉面袋装101g","2.50","1","0"
"1111104","10182","美好优级火腿肠40g","1.50","1","0"
"1111110","21545","云蕾10656超薄乳胶手套（6只装）","7.50","1","0"
"1111110","6313","家鑫防虫丸40g","2.00","1","0"
"1111130","2175","康师傅酸辣牛肉面袋装118g","2.50","1","0"
"1111130","4262","康师傅鲜虾鱼板方便面袋装92g","2.50","2","0"
"1111134","4757","友臣肉松饼35g","1.50","2","0"
"1111134","12367","金磨坊手撕素肉卷香辣牛肉味26g","1.00","2","0"
"1111134","2851","金大洲香辣金针菇42g","3.00","1","0"
"1111134","4175","亨裕果酱夹心饼干凤梨味120g","3.00","1","0"
"1111147","3184","农夫山泉矿泉水4L","8.50","3","0"
"1111157","6021","代跑腿服务（蓝娇）","13.00","2","0"
"1111160","13521","雪碧清爽柠檬味汽水2L","6.50","1","0"
"1111162","4466","李锦记精选生抽酱油500ml","9.00","1","0"
"1111167","3115","徐福记草莓酥糕点182g","8.80","1","0"
"1111167","2874","阿尔卑斯原味牛奶软糖充气糖33g","1.50","1","0"
"1111167","2736","康师傅茉莉清茶500ml","2.50","2","0"
"1111167","5827","太平梳打饼干奶盐味100g","3.50","1","0"
"1111167","20737","万禾嘉园松糕香橙味300g","6.00","1","0"
"1111167","2420","徐福记米格玛夹心米果卷奶油玉米90g","5.50","1","0"
"1111167","19654","不规则饼干芝士味80g","5.00","1","0"
"1111167","12018","软曲奇蔓越莓味110g","6.00","1","0"
"1111167","20791","TNT爆米花新西兰鲜奶味120g","6.00","1","0"
"1111168","5482","永吉红包恭喜发财","0.25","1","0"
"1111168","3183","怡宝矿泉水纯净水桶装4.5L","8.50","1","0"
"1111169","7608","洁家背心式垃圾袋 1卷","2.58","1","0"
"1111211","2659","心相印红悦系列抽纸130抽*6包","17.00","3","0"
"1111211","4486","金龙鱼菜籽油纯香维生素A营养强化 非转基因物理压榨5L","75.00","1","0"
"1111211","4557","千禾烹调料酒500ml","7.00","1","0"
"1111223","4084","乌江凉拌海带丝鲜香味50g","2.00","1","0"
"1111223","5729","吉香居下饭菜（泡菜）106g","2.50","2","0"
"1111228","3641","高洁丝经典系列丝薄棉柔护翼夜用280mm8片卫生巾","10.00","1","0"
"1111228","3069","七度空间优雅系列空气感丝柔超薄2日用卫生巾/姨妈巾245mm5片","4.50","1","0"
"1111228","2251","德芙黑巧克力条装43g","7.00","1","0"
"1111233","6788","春娟宝宝霜30g","2.50","1","0"
"1111233","6330","馨洁美卫生棉签50支装","1.50","2","0"
"1111236","5129","清香园香辣酱360g","7.00","1","0"
"1111236","2605","桥牌红油豆腐乳260g","9.00","1","0"
"1111236","2312","老灶煮花生138g","4.00","1","0"
"1111238","18753","代跑腿服务（南京）","12.00","1","0"
"1111238","5846","荷氏维果C水果硬糖西柚味34g","2.50","1","0"
"1111238","4966","康师傅茉莉蜜茶1L","4.50","1","0"
"1111238","5847","荷氏维果C水果硬糖青柠味34g","2.50","2","0"
"1111238","8873","上好佳硬糖冰柠檬味袋装100g","3.50","1","0"
"1111238","17413","可口可乐600ml","3.00","1","0"
"1111242","20604","宏利加厚牛筋胶手套","3.00","1","0"
"1111244","2031","雪碧清爽柠檬味汽水500ml","3.00","2","0"
"1111244","2104","洽洽香瓜子200g","7.00","1","0"
"1111246","2814","红牛维生素功能饮料250ml","6.00","1","0"
"1111246","4037","丁大姐棒棒鸡辣条面筋食品面制素食110g","2.00","20","0"
"1111248","20990","鑫雷龙彩笔糖","0.50","4","0"
"1111248","2734","康师傅冰糖雪梨500ml","2.80","1","0"
"1111248","2154","康师傅冰红茶550ml","2.80","1","0"
"1111249","21522","代跑腿（万宝路爆珠）","24.00","1","0"
"1111249","6025","代跑腿服务（软玉）","23.00","1","0"
"1111278","12369","金磨坊鱼豆腐麻辣味22g","1.00","5","0"
"1111278","6083","正林瓜子125g","6.00","1","0"
"1111278","13095","白家陈记四川酸辣粉红薯粉丝盒装120克","6.50","1","0"
"1111279","2889","卫龙亲嘴烧红烧牛肉味辣条22g","0.50","1","0"
"1111279","4965","百事可乐2L","6.50","1","0"
"1111279","2887","卫龙亲嘴烧麦辣鸡汁味辣条22g","0.50","1","0"
"1111279","3150","牛羊配（花色形膨化食品）五香辣味90g","2.50","1","0"
"1111291","7631","合味道冬阴功风味方便面80g","5.50","1","0"
"1111291","6272","代跑腿服务（利群）","15.00","1","0"
"1111291","20743","轩轩同学自热火锅370g","22.00","1","0"
"1111291","21277","ABD火鸡面老坛酸菜鸡肉拌面147g","5.00","1","0"
"1111291","21297","与美自热火锅冒菜蔬菜版425g","18.00","1","0"
"1111294","4470","保宁醋酿造食醋特级440ml","7.50","1","0"
"1111302","2140","嘉顿威化饼干花生味50g","3.00","1","0"
"1111302","2144","农夫山泉尖叫多肽柠檬味550ml","4.00","1","0"
"1111302","13521","雪碧清爽柠檬味汽水2L","7.00","1","0"
"1111302","4606","放养谷物土鸡蛋15枚装","14.50","1","0"
"1111306","5631","双益鸡蛋龙须面条750g","6.00","1","0"
"1111306","4036","得益鱼香肉丝自热方便米饭方便饭/泡饭420g","12.00","1","0"
"1111321","3933","甘源牌蟹黄味瓜子仁75g","3.50","1","0"
"1111321","10103","好丽友呀土豆薯条蜂蜜黄油味40g","4.00","1","0"
"1111321","6044","丽芝士纳宝帝奶酪威化饼干145g","6.00","1","0"
"1111340","6611","白鹤山粗粮鸡蛋 10枚装","11.08","2","0"
"1111340","7496","吉香居香辣木耳榨菜106g","2.50","1","0"
"1111340","2725","香飘飘奶茶麦香80g","3.50","1","0"
"1111340","4417","思念灌汤水饺猪肉韭菜饺子500g","6.00","1","0"
"1111356","2073","伊利纯牛奶250ml","2.50","2","0"
"1111356","5870","【桃李】天然酵母面包牛奶蛋羹味75g","4.00","2","0"
"1111356","6025","代跑腿服务（软玉）","23.00","1","0"
"1111361","6447","陈克明绿豆风味挂面1kg","8.80","2","0"
"1111361","2073","伊利纯牛奶250ml","2.40","1","0"
"1111361","19530","王致和精致料酒500ml","7.00","1","0"
"1111361","12729","云南白药薄荷牙膏210g","28.50","2","0"
"1111390","2328","康师傅老坛酸菜牛肉面袋装118g","2.50","3","0"
"1111390","4621","思念醇香黑芝麻水磨汤圆500g","6.00","1","0"
"1111390","4628","思念经典大汤圆醇香黑芝麻500g","6.00","1","0"
"1111390","2175","康师傅酸辣牛肉面袋装118g","2.50","2","0"
"1111390","3094","统一巧面馆老坛酸菜牛肉面袋装120g","2.50","2","0"
"1111395","4965","百事可乐2L","6.50","1","0"
"1111395","18753","代跑腿服务（南京）","12.00","2","0"
"1111408","4099","唯怡植物蛋白饮品豆奶1.45L","12.00","1","0"
"1111430","5918","【桃李】布雪蛋糕40g","2.00","1","0"
"1111438","13521","雪碧清爽柠檬味汽水2L","6.50","1","0"
"1111451","4508","莎麦鸡精100g","4.00","1","0"
"1111468","18753","代跑腿服务（南京）","12.00","10","0"
"1111475","5870","【桃李】天然酵母面包牛奶蛋羹味75g","4.00","1","0"
"1111484","2034","怡宝矿泉水纯净水555ml","2.00","1","0"
"1111484","3362","百事可乐600ml","3.00","1","0"
"1111510","4967","美汁源果粒橙1.25L","7.50","1","0"
"1111510","4099","唯怡植物蛋白饮品豆奶1.45L","12.00","2","0"
"1111539","6269","代跑腿服务（娇子格调黑）","15.00","1","0"
"1111548","4590","遂宁纯芝麻油香油375ml","19.00","1","0"
"1111548","13415","星辰原浆本色柔韧420型面巾纸6包","15.00","1","0"
"1111568","4577","易记辣椒面海椒粉90g","3.20","1","0"
"1111568","4301","中江挂面宽面700g","4.00","1","0"
"1111568","3872","黑人新双重薄荷多效护理牙膏120g","10.00","1","0"
"1111568","4133","舒客纳米抗菌隙白软毛牙刷买一送一","16.50","1","0"
"1111570","6125","雪花啤酒天然100瓶装500ml","5.00","12","0"
"1111576","5952","清清美170ml塑料杯纸杯一次性杯子50只装","7.00","1","0"
"1111595","6269","代跑腿服务（娇子格调黑）","15.00","1","0"
"1111599","4370","信王稻稻香东北珍珠米5kg","40.00","1","0"
"1111654","2185","康师傅香辣牛肉面桶装117g","4.00","1","0"
"1111654","3859","川洋黑米锅巴麻辣味休闲食品32g","1.00","1","0"
"1111654","2814","红牛维生素功能饮料250ml","6.00","1","0"
"1111654","2738","统一阿萨姆奶茶原味500ml","4.00","1","0"
"1111658","5870","【桃李】天然酵母面包牛奶蛋羹味75g","4.00","1","0"
"1111658","19661","金博弘打火机","1.50","1","0"
"1111658","20815","新希望华西纯牛奶250ml","2.50","1","0"
"1111659","4419","思念黑芝麻汤圆500g","6.50","1","0"
"1111659","3996","云南白药金口健牙膏冰柠薄荷105g","16.50","1","0"
"1111671","6838","得益绿色香辣牛肉方便米饭162g","8.00","1","0"
"1111679","6020","代跑腿服务（X娇）","10.00","1","0"
"1111685","6270","代跑腿服务（黄鹤楼雅香金）","16.00","1","0"
"1111688","6269","代跑腿服务（娇子格调黑）","15.00","1","0"
"1111697","2874","阿尔卑斯原味牛奶软糖充气糖33g","1.50","1","0"
"1111700","13079","白家陈记麻辣烫味粉丝袋装108克","4.50","1","0"
"1111700","3059","统一巧面馆麻辣笋子牛肉面桶装112g","4.00","1","0"
"1111705","2887","卫龙亲嘴烧麦辣鸡汁味辣条22g","0.50","2","0"
"1111705","17831","星巴克原味咖啡条装30g","2.00","1","0"
"1111705","5817","徽记蜜汁山核桃瓜子112g","5.50","1","0"
"1111705","3638","乐事薯片经典原味70g","6.00","1","0"
"1111705","3133","乐事薯片青柠味70g","6.00","1","0"
"1111705","2042","有友泡椒凤爪180g","7.50","1","0"
"1111705","2089","旺旺仙贝52g","4.00","1","0"
"1111705","2104","洽洽香瓜子200g","6.00","1","0"
"1111705","3840","劲仔小鱼香辣小鱼12g","1.00","2","0"
"1111705","2620","饭扫光麻辣什锦下饭菜/拌饭菜280g","8.50","1","0"
"1111705","3830","魔法士脆不可挡霸道烧烤味干脆面/方便面50g","1.50","1","0"
"1111705","6667","川岛猴头菇酥性饼干92g","3.50","1","0"
"1111705","12338","盼盼法式小面包奶香味100g","3.50","1","0"
"1111705","2741","好吃点香脆腰果饼干108g","3.50","1","0"
"1111705","3155","徐福记凤梨酥糕点182g","10.00","1","0"
"1111705","2201","趣多多曲奇饼干香浓巧克力味95g","5.50","1","0"
"1111705","4757","友臣肉松饼35g","1.50","1","0"
"1111714","2780","伊利金典纯牛奶250ml","4.35","1","0"
"1111714","2852","蒙牛纯甄风味酸牛奶200g","4.50","1","0"
"1111736","3385","蒙牛随变经典香草口味雪糕75g","3.00","1","0"
"1111737","3366","伊利牧场香浓布丁雪糕80g","2.00","1","0"
"1111737","6531","伊利巧乐兹雪糕经典巧恋果75g","3.00","1","0"
"1111742","3294","菊乐核桃花生奶200ml","2.50","1","0"
"1111742","5870","【桃李】天然酵母面包牛奶蛋羹味75g","4.00","1","0"
"1111742","5918","【桃李】布雪蛋糕40g","2.00","1","0"
"1111746","6487","佳康鸡蛋挂面（面条）1kg","7.00","1","0"
"1111746","6396","美好火腿肠优级56g","1.50","3","0"
"1111752","5870","【桃李】天然酵母面包牛奶蛋羹味75g","4.00","3","0"
"1111769","3917","汤达人酸酸辣豚骨面杯面83g","5.50","1","0"
"1111769","13437","思念红糖汤圆500g","6.00","2","0"
"1111769","3354","东莱卤鸡蛋30g","1.50","2","0"
"1111771","6028","代跑腿服务（软云）","23.00","1","0"
"1111772","3918","汤达人海鲜拉面杯面72g","5.50","1","0"
"1111772","3957","得益绿色红烧牛肉自热方便米饭420g","12.00","1","0"
"1111776","3061","白家陈记正宗酸辣方便粉丝袋装108g","4.50","2","0"
"1111782","17155","云蕊植物纤维洗洁巾（洗碗帕）3片装","5.50","1","0"
"1111782","17848","传统味道老冰棍","1.00","1","0"
"1111828","2104","洽洽香瓜子200g","6.00","1","0"
"1111828","4965","百事可乐2L","6.50","1","0"
"1111832","3150","牛羊配（花色形膨化食品）五香辣味90g","2.50","1","0"
"1111832","3859","川洋黑米锅巴麻辣味休闲食品32g","1.00","2","0"
"1111832","3917","汤达人酸酸辣豚骨面杯面83g","5.50","1","0"
"1111832","12576","农心辛拉面乌冬袋面120g","5.50","1","0"
"1111834","5332","得益绿色回锅肉自热方便米饭420g","12.00","1","0"
"1111840","3127","伊利味可滋巧克力牛奶240ml","4.50","1","0"
"1111877","6021","代跑腿服务（蓝娇）","13.00","1","0"
"1111878","6028","代跑腿服务（软云）","23.00","2","0"
"1111892","2924","维达蓝色经典卷纸卷筒纸卫生纸180g*10卷装","27.50","1","0"
"1111892","5918","【桃李】布雪蛋糕40g","2.00","3","0"
"1111892","2925","维达倍韧纸面巾抽纸200抽*3包装","15.50","1","0"
"1111894","5325","桂花嫂孜然粉35g","3.02","1","0"
"1111894","5638","桂花嫂黑胡椒粉35g","3.02","1","0"
"1111894","3183","怡宝矿泉水纯净水桶装4.5L","8.50","1","0"
"1111902","5631","双益鸡蛋龙须面条750g","6.00","1","0"
"1111932","2310","老灶煮花生320g","7.00","1","0"
"1111932","16821","好丽友蛋黄派两枚盒装46g","4.00","1","0"
"1111932","19618","代跑腿服务(贵烟)","11.00","1","0"
"1111932","13414","代跑腿服务（红格调）","10.00","1","0"
"1111932","18753","代跑腿服务（南京）","12.00","1","0"
"1111933","6028","代跑腿服务（软云）","23.00","1","0"
"1111933","3859","川洋黑米锅巴麻辣味休闲食品32g","1.00","10","0"
"1111933","4963","可口可乐2L","6.50","1","0"
"1111937","3125","农夫山泉茶派（π）柠檬红茶500ml","5.00","1","0"
"1111937","4550","三养火鸡面140g","6.50","1","0"
"1111950","3094","统一巧面馆老坛酸菜牛肉面袋装120g","2.50","4","0"
"1111950","5521","伊利尚补坊红枣酸奶160g","3.50","2","0"
"1111950","2022","双汇王中王香肠火腿肠70g","2.20","3","0"
"1111960","13471","云蕾保鲜膜30cm*60m","9.00","1","0"
"1111960","4475","建华香油调和型450ml","16.00","1","0"
"1111961","12304","双汇香辣香脆肠35g","1.50","1","0"
"1111961","3330","牛浪汉麻辣牛肉160g","15.00","1","0"
"1111961","2049","子弟薯片清怡黄瓜味45g","3.50","1","0"
"1111961","3845","乐吧薯片番茄味50g","2.00","1","0"
"1111963","6025","代跑腿服务（软玉）","23.00","1","0"
"1111967","16704","可口可乐汽水888ml","4.50","1","0"
"1111973","4300","中江挂面细面700g","4.00","1","0"
"1111974","21088","好人家特级小麦粉2.5kg","15.88","1","0"
"1111974","2720","丹麦曲奇饼干饼干原味90g","9.00","1","0"
"1111974","4470","保宁醋酿造食醋特级440ml","7.50","1","0"
"1111974","5734","精晶白砂糖300g","4.00","1","0"
"1111975","6028","代跑腿服务（软云）","23.00","1","0"
"1111978","4582","利兴单晶冰糖180g","3.00","1","0"
"1111978","4583","利兴白砂糖白糖230g","3.00","1","0"
"1111978","4592","窝窝醪糟甜酒米酒400g","8.00","1","0"
"1111978","4419","思念黑芝麻汤圆500g","6.50","1","0"
"1111982","4092","光明风味酸牛奶原味160g","3.50","2","0"
"1111982","4837","赖汤圆粉袋装550g","9.00","2","0"
"1111983","6025","代跑腿服务（软玉）","23.00","1","0"
"1111989","6125","雪花啤酒天然100瓶装500ml","5.00","24","0"
"1111990","2874","阿尔卑斯原味牛奶软糖充气糖33g","1.50","1","0"
"1111990","6838","得益绿色香辣牛肉方便米饭162g","8.00","1","0"
"1111991","3942","康师傅红烧牛肉面袋装103g","2.50","1","0"
"1111999","6025","代跑腿服务（软玉）","23.00","1","0"
"1112006","6125","雪花啤酒天然100瓶装500ml","5.00","24","0"
"1112021","6501","伊利金典有机纯牛奶250ml","5.50","4","0"
"1112027","6025","代跑腿服务（软玉）","23.00","1","0"
"1112027","5003","坤能泡椒臭干子（面制素食）80g","2.00","1","0"
"1112027","3090","魔法士脆不可挡给力柠檬鸡味干脆面/方便面50g","1.50","1","0"
"1112027","3850","咪咪乐园点心面红烧牛肉味/虾条82g","2.00","1","0"
"1112027","3150","牛羊配（花色形膨化食品）五香辣味90g","2.50","1","0"
"1112027","3028","百事奇多粟米棒奇多日式牛排味60g","3.50","1","0"
"1112030","3841","劲仔小鱼麻辣小鱼12g","1.00","1","0"
"1112030","3859","川洋黑米锅巴麻辣味休闲食品32g","1.00","2","0"
"1112030","3295","菊乐酸乐奶盒装250ml","2.50","1","0"
"1112032","2780","伊利金典纯牛奶250ml","4.50","1","0"
"1112032","5870","【桃李】天然酵母面包牛奶蛋羹味75g","4.00","1","0"
"1112040","3770","康师傅泡椒牛肉面袋装99g","2.50","2","0"
"1112042","2613","老干妈精制牛肉末豆豉油辣椒210g","8.50","1","0"
"1112042","4416","思念灌汤水饺猪肉白菜饺子500g","6.50","1","0"
"1112042","4420","思念花生汤圆500g","6.50","1","0"
"1112043","5633","国泰味精200g","4.50","1","0"
"1112043","4506","久大加碘精纯盐350g","2.00","1","0"
"1112043","4508","莎麦鸡精100g","4.00","1","0"
"1112044","4668","适运一次性纸杯50只装","6.50","1","0"
"1112054","20929","代跑腿服务（爱喜爆珠）","15.00","1","0"
"1112054","11104","代跑腿服务（娇子祥云）","20.00","1","0"
"1112056","6026","代跑腿服务（爱喜薄荷）","10.00","2","0"
"1112056","4717","雀巢1+2速溶咖啡原味条装15g","1.50","4","0"
"1112056","6893","自由点无感7日超级薄夜用棉柔卫生巾280mm8片","10.00","1","0"
"1112061","3942","康师傅红烧牛肉面袋装103g","2.50","2","0"
"1112072","4180","乌江涪陵榨菜下饭菜80g","2.00","1","0"
"1112072","2189","可比克薯片烧烤味60g","3.50","1","0"
"1112077","18753","代跑腿服务（南京）","12.00","4","0"
"1112078","2185","康师傅香辣牛肉面桶装117g","4.00","2","0"
"1112078","18333","可口可乐罐装（新）330ml","2.50","3","0"
"1112078","18360","雪碧柠檬味汽水罐装330ml","2.50","3","0"
"1112080","6097","口水娃多味花生五香味60g","2.00","1","0"
"1112080","2985","乐事大波浪薯片铁板鱿鱼味70g","6.50","1","0"
"1112080","12400","新家园烤馍锅巴孜然味63g","2.00","1","0"
"1112080","3124","农夫山泉茶派（π）蜜桃乌龙茶500ml","5.00","1","0"
"1112089","2031","雪碧清爽柠檬味汽水500ml","3.00","1","0"
"1112094","6447","陈克明绿豆风味挂面1kg","8.88","1","0"
"1112094","2738","统一阿萨姆奶茶原味500ml","4.00","1","0"
"1112102","4085","鱼泉鲜香榨菜鲜香原味70g","1.50","1","0"
"1112102","3183","怡宝矿泉水纯净水桶装4.5L","8.50","1","0"
"1112110","6028","代跑腿服务（软云）","23.00","1","0"
"1112111","2979","正宗椰树牌椰子汁植物蛋白饮料罐装245ml","4.50","1","0"
"1112111","2073","伊利纯牛奶250ml","2.50","2","0"
"1112112","5624","千禾特级酱油酿造酱油500ml","8.00","1","0"
"1112112","19530","王致和精致料酒500ml","7.00","1","0"
"1112114","6072","正尚口水鸡（豆制素食）80g","2.00","2","0"
"1112114","5003","坤能泡椒臭干子（面制素食）80g","2.00","1","0"
"1112114","12441","老农夫宫保鸡丁（酱卤肉制品）70g","4.00","1","0"
"1112114","6118","不二家棒棒糖1支","1.00","1","0"
"1112114","3770","康师傅泡椒牛肉面袋装99g","2.50","2","0"
"1112114","2735","康师傅茉莉蜜茶500ml","2.50","1","0"
"1112114","2887","卫龙亲嘴烧麦辣鸡汁味辣条22g","0.50","3","0"
"1112114","2889","卫龙亲嘴烧红烧牛肉味辣条22g","0.50","2","0"
"1112114","2912","甜甜乐星球杯巧克力浆+饼干粒20g","0.50","2","0"
"1112114","2888","卫龙亲嘴烧川香风味辣条22g","0.50","1","0"
"1112114","3841","劲仔小鱼麻辣小鱼12g","1.00","1","0"
"1112114","3840","劲仔小鱼香辣小鱼12g","1.00","1","0"
"1112118","4958","农夫山泉矿泉水1.5L","3.00","6","0"
"1112119","6269","代跑腿服务（娇子格调黑）","15.00","1","0"
"1112121","3351","洽洽焦糖瓜子108g","7.00","1","0"
"1112121","4874","思蜀香麻辣牛肉干50g","5.50","1","0"
"1112121","3917","汤达人酸酸辣豚骨面杯面83g","6.00","1","0"
"1112121","2329","有友泡椒凤爪泡椒鸡爪100g","5.00","1","0"
"1112124","3922","汤达人日式豚骨拉面碗面130g","8.50","2","0"
"1112126","12369","金磨坊鱼豆腐麻辣味22g","1.00","6","0"
"1112126","3770","康师傅泡椒牛肉面袋装99g","2.50","2","0"
"1112133","12710","黑人超白青柠牙膏140g","10.50","1","0"
"1112133","12709","黑人水清新牙膏140g","11.50","1","0"
"1112133","6888","护舒宝轻薄卫生护垫透气纯棉感无香20片","5.00","2","0"
"1112135","11290","奥利奥夹心饼干原味58g","3.50","1","0"
"1112135","2073","伊利纯牛奶250ml","2.50","1","0"
"1112136","2843","康师傅红烧牛肉面方便面桶装109g","4.00","2","0"
"1112136","2164","康师傅老坛酸菜牛肉拌面碗装145g","5.00","1","0"
"1112136","3047","康师傅麻辣排骨面桶装118g","4.50","2","0"
"1112226","20573","丽朗竹炭护龈牙刷（竹炭软毛）","3.00","1","0"
"1112230","4418","思念灌汤水饺猪肉香菇饺子500g","6.00","1","0"
"1112230","4085","鱼泉鲜香榨菜鲜香原味70g","1.50","1","0"
"1112230","3354","东莱卤鸡蛋30g","1.50","1","0"
"1112230","4180","乌江涪陵榨菜下饭菜80g","2.00","1","0"
"1112230","8396","双汇玉米热狗肠40g","1.50","1","0"
"1112230","9354","美好泡椒热狗肠40g","1.50","1","0"
"1112238","4577","易记辣椒面海椒粉90g","3.20","1","0"
"1112238","4945","统一鲜橙多2L","8.00","2","0"
"1112238","6125","雪花啤酒天然100瓶装500ml","5.00","12","0"
"1112254","4282","金龙鱼非转基因AE纯香菜籽油900ml","15.50","1","0"
"1112254","19530","王致和精致料酒500ml","7.00","1","0"
"1112259","4511","美好火腿肠30g","1.00","3","0"
"1112259","3183","怡宝矿泉水纯净水桶装4.5L","8.50","1","0"
"1112259","3354","东莱卤鸡蛋30g","1.50","1","0"
"1112259","3344","渝兄重庆怪味胡豆80g","2.00","1","0"
"1112259","3850","咪咪乐园点心面红烧牛肉味/虾条82g","2.00","1","0"
"1112259","2887","卫龙亲嘴烧麦辣鸡汁味辣条22g","0.50","2","0"
"1112259","12369","金磨坊鱼豆腐麻辣味22g","1.00","1","0"
"1112259","3073","有友猪皮晶山椒味泡椒味60g","3.00","1","0"
"1112259","2526","娃哈哈AD钙奶220g*4瓶","7.00","1","0"
"1112259","2182","康师傅香菇炖鸡面袋装100g","2.50","1","0"
"1112259","3868","乐吧薯片麻辣川香味50g","2.00","2","0"
"1112259","7692","卫龙大面筋香辣味65g","2.50","1","0"
"1112259","3105","甘源牌蟹黄味蚕豆75g","3.50","1","0"
"1112259","3848","乐吧薯片烧烤味50g","2.00","1","0"
"1112259","2311","老灶煮花生72g","2.00","1","0"
"1112282","4965","百事可乐2L","6.50","1","0"
"1112282","2214","乐事薯片无限鲜浓番茄味罐装104g","8.50","1","0"
"1112298","2881","哈尔滨啤酒小麦王罐装330ml","3.00","3","0"
"1112298","2814","红牛维生素功能饮料250ml","6.00","6","0"
"1112300","6026","代跑腿服务（爱喜薄荷）","10.00","1","0"
"1112300","3362","百事可乐600ml","3.00","1","0"
"1112301","5738","财劲老红糖300g","5.00","1","0"
"1112302","18753","代跑腿服务（南京）","12.00","4","0"
"1112314","6269","代跑腿服务（娇子格调黑）","15.00","1","0"
"1112336","12723","云南白药牙膏留兰香型45g","9.50","1","0"
"1112336","5870","【桃李】天然酵母面包牛奶蛋羹味75g","4.00","2","0"
"1112342","3164","潘婷丝质顺滑去屑洗发露400ml","34.00","1","0"
"1112346","6397","汰渍无磷洗衣皂柠檬清香型202g（肥皂）","4.50","2","0"
"1112347","13395","五常长粒香大米10kg","72.00","1","0"
"1112348","4959","保宁白醋配制食醋480ml","4.50","1","0"
"1112351","13848","金达日美水果刀5106","5.00","1","0"
"1112367","6127","雪花啤酒纯生听装500ml","7.50","4","0"
"1112367","20216","福利人家红油郫县豆瓣500g","5.00","1","0"
"1112383","3858","金富士脆美司红番茄味棒饼干128g","5.00","1","0"
"1112383","6025","代跑腿服务（软玉）","23.00","1","0"
"1112383","2111","伊利优酸乳蓝莓味250ml","2.00","2","0"
"1112383","6049","凉凉清凉薄荷糖120g","2.00","1","0"
"1112383","16704","可口可乐汽水888ml","4.50","1","0"
"1112383","2073","伊利纯牛奶250ml","2.50","2","0"
"1112390","6272","代跑腿服务（利群）","14.00","1","0"
"1112398","2111","伊利优酸乳蓝莓味250ml","2.00","2","0"
"1112398","3087","魔法士脆不可挡疯狂烤肉味干脆面/方便面50g","1.50","2","0"
"1112403","4000","护舒宝绵柔表层284mm丝薄10片","15.00","1","0"
"1112403","3638","乐事薯片经典原味70g","6.00","2","0"
"1112404","3248","千唯紫韵方巾纸/纸巾40抽","1.00","1","0"
"1112404","2850","冠生园大白兔奶糖114g","6.50","1","0"
"1112404","6762","康师傅酸梅汤500ml","3.00","1","0"
"1112404","4068","天马酸乌梅130g","3.00","1","0"
"1112406","3831","魔法士脆不可挡无敌蟹黄味干脆面/方便面50g","1.50","1","0"
"1112406","2111","伊利优酸乳蓝莓味250ml","2.00","2","0"
"1112407","3362","百事可乐600ml","3.00","1","0"
"1112407","3133","乐事薯片青柠味70g","6.00","1","0"
"1112407","5857","卫龙牛味棒20g","0.50","4","0"
"1112407","5009","绿箭口香糖薄荷味15g","1.50","1","0"
"1112407","3846","麻辣伤心拌面辣条100g","2.00","1","0"
"1112407","16396","三养炸酱面140g","7.50","1","0"
"1112407","2116","双汇香辣香脆肠香肠火腿肠70g","2.20","1","0"
"1112414","17981","塑料夹子一板20个","3.50","1","0"
"1112414","6026","代跑腿服务（爱喜薄荷）","10.00","2","0"
"1112414","4219","维维豆奶粉460g","14.00","1","0"
"1112419","4646","雪花啤酒勇闯天涯瓶装500ml","5.00","10","0"
"1112419","4963","可口可乐2L","6.50","1","0"
"1112419","4967","美汁源果粒橙1.25L","7.00","1","0"
"1112423","7692","卫龙大面筋香辣味65g","2.50","1","0"
"1112423","2986","乐事薯片意大利香浓红烩味70g","6.00","1","0"
"1112428","3094","统一巧面馆老坛酸菜牛肉面袋装120g","2.50","4","0"
"1112431","2889","卫龙亲嘴烧红烧牛肉味辣条22g","0.50","3","0"
"1112431","3133","乐事薯片青柠味70g","6.00","1","0"
"1112431","7692","卫龙大面筋香辣味65g","2.50","1","0"
"1112431","2887","卫龙亲嘴烧麦辣鸡汁味辣条22g","0.50","3","0"
"1112431","2888","卫龙亲嘴烧川香风味辣条22g","0.50","4","0"
"1112431","6074","顺天缘馋嘴棒108g","2.00","1","0"
"1112435","4669","心相印厨房专用纸巾2卷","8.90","1","0"
"1112435","4669","心相印厨房专用纸巾2卷","9.50","2","0"
"1112435","6127","雪花啤酒纯生听装500ml","7.50","2","0"
"1112435","4590","遂宁纯芝麻油香油375ml","19.00","1","0"
"1112435","4742","红星二锅头8年陈酿53度白酒500ml","31.00","2","0"
"1112435","4576","潼川豆豉150g","2.50","1","0"
"1112435","5521","伊利尚补坊红枣酸奶160g","3.50","3","0"
"1112441","5521","伊利尚补坊红枣酸奶160g","3.50","1","0"
"1112442","2633","伊利大果粒酸奶黄桃+草莓260g","8.00","1","0"
"1112449","2887","卫龙亲嘴烧麦辣鸡汁味辣条22g","0.50","1","0"
"1112449","2888","卫龙亲嘴烧川香风味辣条22g","0.50","1","0"
"1112449","2300","旺旺大米饼135g","6.00","1","0"
"1112449","3049","统一巧面馆老坛酸菜牛肉面红油味面桶装125g","4.00","1","0"
"1112449","4587","李锦记精选老抽酿造酱油500ml","9.00","1","0"
"1112454","5059","伞塔杂酱面调料240g","6.50","1","0"
"1112456","2328","康师傅老坛酸菜牛肉面袋装118g","2.50","2","0"
"1112456","6028","代跑腿服务（软云）","23.00","1","0"
"1112458","13568","幺麻子藤椒油清香麻250ml","15.50","1","0"
"1112458","19530","王致和精致料酒500ml","7.00","1","0"
"1112458","4283","金龙鱼非转基因AE纯香菜籽油1.8L","32.00","1","0"
"1112458","4466","李锦记精选生抽酱油500ml","9.00","1","0"
"1112458","6936","蟠龙酱花生（炒货食品油炸类）70g","2.00","1","0"
"1112459","8290","好吃哥Q弹豆干老卤22g","1.00","4","0"
"1112471","13395","五常长粒香大米10kg","72.00","1","0"
"1112473","3770","康师傅泡椒牛肉面袋装99g","2.50","1","0"
"1112473","2896","乐事薯片无限青柠味104g","8.50","1","0"
"1112473","3090","魔法士脆不可挡给力柠檬鸡味干脆面/方便面50g","1.50","1","0"
"1112473","2991","魔法士脆不可挡炫酷烤翅味干脆面/方便面50g","1.50","1","0"
"1112473","2175","康师傅酸辣牛肉面袋装118g","2.50","1","0"
"1112473","2104","洽洽香瓜子200g","6.00","1","0"
"1112473","2888","卫龙亲嘴烧川香风味辣条22g","0.50","1","0"
"1112473","2889","卫龙亲嘴烧红烧牛肉味辣条22g","0.50","4","0"
"1112473","3841","劲仔小鱼麻辣小鱼12g","1.00","4","0"
"1112473","6083","正林瓜子125g","6.00","1","0"
"1112473","3638","乐事薯片经典原味70g","6.00","1","0"
"1112474","4652","雪花啤酒勇闯天涯冰山啤酒瓶装500ml","4.00","2","0"
"1112482","10093","心相印抽纸面巾茶语丝享130抽*3层*6包","16.50","1","0"
"1112484","6269","代跑腿服务（娇子格调黑）","15.00","2","0"
"1112492","6272","代跑腿服务（利群）","14.00","1","0"
"1112497","3362","百事可乐600ml","3.00","1","0"
"1112497","2034","怡宝矿泉水纯净水555ml","2.00","1","0"
"1112497","6028","代跑腿服务（软云）","23.00","1","0"
"1112503","2874","阿尔卑斯原味牛奶软糖充气糖33g","1.50","1","0"
"1112508","6447","陈克明绿豆风味挂面1kg","8.88","1","0"
"1112508","6025","代跑腿服务（软玉）","23.00","1","0"
"1112508","5870","【桃李】天然酵母面包牛奶蛋羹味75g","4.00","1","0"
"1112508","6488","中江颜氏劲道面（挂面）1kg","8.00","1","0"
"1112508","3942","康师傅红烧牛肉面袋装103g","2.50","1","0"
"1112508","21296","贤哥深井烧鹅味辣条130g","3.50","1","0"
"1112508","3770","康师傅泡椒牛肉面袋装99g","2.50","2","0"
"1112510","6269","代跑腿服务（娇子格调黑）","15.00","1","0"
"1112520","3087","魔法士脆不可挡疯狂烤肉味干脆面/方便面50g","1.50","2","0"
"1112520","3362","百事可乐600ml","3.00","1","0"
"1112579","2049","子弟薯片清怡黄瓜味45g","3.50","1","0"
"1112579","5003","坤能泡椒臭干子（面制素食）80g","2.00","1","0"
"1112579","2991","魔法士脆不可挡炫酷烤翅味干脆面/方便面50g","1.50","1","0"
"1112579","3830","魔法士脆不可挡霸道烧烤味干脆面/方便面50g","1.50","1","0"
"1112579","3023","旺旺泡芙夹心饼干牛奶味18g","1.00","1","0"
"1112579","12306","旺旺小小酥20g","1.50","1","0"
"1112581","3362","百事可乐600ml","3.00","1","0"
"1112581","6026","代跑腿服务（爱喜薄荷）","10.00","1","0"
"1112581","4717","雀巢1+2速溶咖啡原味条装15g","1.50","3","0"
"1112582","2282","农夫山泉矿泉水550ml","1.50","1","0"
"1112582","3338","彩虹糖原果味糖果45g","4.00","1","0"
"1112582","2031","雪碧清爽柠檬味汽水500ml","3.00","1","0"
"1112582","11419","【桃李】起酥面包豆沙馅100g","3.00","1","0"
"1112582","5870","【桃李】天然酵母面包牛奶蛋羹味75g","4.00","1","0"
"1112582","11339","【桃李】铜锣烧豆沙馅70g","2.50","1","0"
"1112582","3295","菊乐酸乐奶盒装250ml","2.50","2","0"
"1112585","4370","信王稻稻香东北珍珠米5kg","40.00","2","0"
"1112601","6028","代跑腿服务（软云）","23.00","1","0"
"1112635","4621","思念醇香黑芝麻水磨汤圆500g","6.00","1","0"
"1112638","20510","卫龙点心面墨西哥辣鸡味100g","3.50","1","0"
"1112638","3337","万事发经典早茶奶饼干138g","3.50","1","0"
"1112638","6083","正林瓜子125g","6.00","1","0"
"1112638","12415","口水娃兰花豆烤肉味30g","1.50","1","0"
"1112639","6028","代跑腿服务（软云）","23.00","1","0"
"1112642","3182","正宗椰树牌椰子汁植物蛋白饮料盒装245ml","4.50","10","0"
"1112645","12369","金磨坊鱼豆腐麻辣味22g","1.00","1","0"
"1112645","2851","金大洲香辣金针菇42g","3.00","2","0"
"1112645","4271","怡宝矿泉水纯净水瓶装1.5L","3.00","1","0"
"1112648","3060","老干妈风味豆豉油制辣椒280g","9.50","1","0"
"1112651","2073","伊利纯牛奶250ml","2.50","1","0"
"1112651","3098","统一巧面馆麻辣笋子牛肉面袋装112g","2.50","1","0"
"1112651","5874","【桃李】手撕面包160g","5.50","1","0"
"1112651","3093","统一巧面馆老坛泡椒牛肉面袋装107g","2.50","1","0"
"1112651","2888","卫龙亲嘴烧川香风味辣条22g","0.50","4","0"
"1112654","18333","可口可乐罐装（新）330ml","2.50","1","0"
"1112654","17413","可口可乐600ml","3.00","1","0"
"1112654","6227","白鹤山土鸡蛋 15枚装","18.50","1","0"
"1112657","11289","奥利奥夹心饼干巧克力味58g","3.50","3","0"
"1112658","5625","海天蚝油260ml","5.00","1","0"
"1112658","4652","雪花啤酒勇闯天涯冰山啤酒瓶装500ml","4.00","2","0"
"1112660","4874","思蜀香麻辣牛肉干50g","5.50","1","0"
"1112660","3847","麻辣伤心凉皮辣条100g","2.50","1","0"
"1112660","21561","飘零大叔猪肉脯蜜汁50g","6.50","5","0"
"1112660","16584","好味屋手撕素肉排香辣味26g","1.00","1","0"
"1112660","17803","家能大刀素肉260g","5.00","1","0"
"1112660","4418","思念灌汤水饺猪肉香菇饺子500g","6.50","2","0"
"1112660","3841","劲仔小鱼麻辣小鱼12g","1.00","7","0"
"1112660","2116","双汇香辣香脆肠香肠火腿肠70g","2.20","1","0"
"1112660","2871","高乐高卷心夹心蛋糕巧克力牛奶口味25g","1.50","3","0"
"1112661","9579","舒客亮齿白牙膏竹炭天然珍珠120g","13.50","1","0"
"1112664","5003","坤能泡椒臭干子（面制素食）80g","2.00","1","0"
"1112664","21296","贤哥深井烧鹅味辣条130g","3.50","1","0"
"1112664","3850","咪咪乐园点心面红烧牛肉味/虾条82g","2.00","1","0"
"1112664","20509","卫龙豆皮香辣味65g","3.50","1","0"
"1112664","3855","鑫旺猫耳朵218g","3.50","1","0"
"1112664","7692","卫龙大面筋香辣味65g","2.50","1","0"
"1112672","3183","怡宝矿泉水纯净水桶装4.5L","9.50","1","0"
"1112672","5687","星辰原浆本色抽纸400张*3包装","12.00","1","0"
"1112682","6127","雪花啤酒纯生听装500ml","7.50","9","0"
"1112687","3134","乐事薯片黄瓜味70g","6.00","1","0"
"1112687","3840","劲仔小鱼香辣小鱼12g","1.00","3","0"
"1112687","2104","洽洽香瓜子200g","7.00","1","0"
"1112687","4912","新家园烤馍锅巴饼干烤馍片（口味随机）63g","2.00","3","0"
"1112687","4133","舒客纳米抗菌隙白软毛牙刷买一送一","16.50","1","0"
"1112697","6269","代跑腿服务（娇子格调黑）","15.00","2","0"
"1112698","3362","百事可乐600ml","3.00","1","0"
"1112698","3859","川洋黑米锅巴麻辣味休闲食品30g","1.00","2","0"
"1112701","2586","心相印薰衣草卷纸150g*10卷","27.00","1","0"
"1112701","4298","泰和香米/大米10kg","58.00","1","0"
"1112701","4297","信王贵妃汉中香米5kg","29.00","1","0"
"1112701","2659","心相印红悦系列抽纸130抽*6包","17.00","1","0"
"1112707","4946","康师傅冰红茶1L","4.50","1","0"
"1112707","2526","娃哈哈AD钙奶220g*4瓶","7.00","1","0"
"1112710","4985","赖汤圆黑芝麻汤圆500g","6.00","1","0"
"1112711","5877","【桃李】蔓越莓核桃面包120g","5.50","1","0"
"1112711","5918","【桃李】布雪蛋糕40g","2.00","2","0"
"1112712","6025","代跑腿服务（软玉）","23.00","1","0"
"1112725","5870","【桃李】天然酵母面包牛奶蛋羹味75g","4.00","4","0"
"1112725","12727","云南白药牙膏留兰香型65g","12.50","1","0"
"1112731","4475","建华香油调和型450ml","16.00","1","0"
"1112739","13521","雪碧清爽柠檬味汽水2L","6.50","1","0"
"1112752","6125","雪花啤酒天然100瓶装500ml","5.00","10","0"
"1112754","12660","冰工厂果纷呈棒冰23g×4支","2.50","2","0"
"1112754","12699","榴莲水果雪糕62g","5.00","1","0"
"1112754","3129","光明莫斯利安酸奶200g","5.00","1","0"
"1112754","5978","养元六个核桃240ml","4.00","1","0"
"1112754","6660","健达奇趣蛋女孩版20g","7.50","1","0"
"1112754","2092","旺旺小小酥原味60g","3.00","1","0"
"1112754","2087","旺旺浪味仙蔬菜口味薯片70g","5.00","1","0"
"1112754","2811","张君雅小妹妹五香海苔休闲丸子80g","7.00","1","0"
"1112754","12424","老程华芝麻杆70g","2.50","1","0"
"1112754","5727","吉香居麻辣三丝106g","2.50","1","0"
"1112754","4085","鱼泉鲜香榨菜鲜香原味70g","1.50","1","0"
"1112754","12306","旺旺小小酥20g","1.50","1","0"
"1112754","5010","真知棒棒棒糖什锦水果味9.2g","0.50","1","0"
"1112754","3351","洽洽焦糖瓜子108g","5.50","1","0"
"1112761","5877","【桃李】蔓越莓核桃面包120g","5.50","1","0"
"1112763","3111","康师傅酸萝卜老鸭汤方便面袋装116g","2.50","1","0"
"1112763","6028","代跑腿服务（软云）","23.00","1","0"
"1112764","6377","代跑腿服务（红双喜）","10.00","1","0"
"1112764","6028","代跑腿服务（软云）","23.00","1","0"
"1112769","3362","百事可乐600ml","3.00","3","0"
"1112776","6063","雪海梅乡玫瑰半梅罐装190g","12.00","1","0"
"1112776","12439","雅文新疆提子（葡萄干）150g","6.00","1","0"
"1112776","5625","海天蚝油260ml","5.00","1","0"
"1112776","5077","海天味极鲜特级酱油380ml","8.50","1","0"
"1112776","6486","五里桥纯紫菜40g","10.00","1","0"
"1112776","13467","cp泡泡贴猪猪图样sticker1张","2.50","1","0"
"1112776","11419","【桃李】起酥面包豆沙馅100g","3.00","1","0"
"1112776","5872","【桃李】鸡蛋香松包120g","4.00","1","0"
"1112776","12318","波力海苔4.5g","4.00","1","0"
"1112779","6198","帝诺怡口棒夹心米果代可可脂巧克力26g","1.00","1","0"
"1112779","2186","康师傅香辣牛肉面袋装107g","2.50","2","0"
"1112779","2329","有友泡椒凤爪泡椒鸡爪100g","5.00","1","0"
"1112779","2572","旺旺雪饼84g","5.00","2","0"
"1112796","2889","卫龙亲嘴烧红烧牛肉味辣条22g","0.50","1","0"
"1112796","20509","卫龙豆皮香辣味65g","3.50","1","0"
"1112796","12340","仙笛棉花糖100g","3.50","1","0"
"1112804","6450","陈克明高筋玉带面条挂面1kg","8.88","1","0"
"1112807","2888","卫龙亲嘴烧川香风味辣条22g","0.50","2","0"
"1112807","2887","卫龙亲嘴烧麦辣鸡汁味辣条22g","0.50","1","0"
"1112807","2889","卫龙亲嘴烧红烧牛肉味辣条22g","0.50","1","0"
"1112807","5011","旺仔小馒头16g","1.00","1","0"
"1112807","6072","正尚口水鸡（豆制素食）80g","2.00","1","0"
"1112807","4757","友臣肉松饼35g","1.50","1","0"
"1112807","3348","好媳妇素牛板筋麻辣素食面筋90g","2.00","1","0"
"1112807","4946","康师傅冰红茶1L","4.50","1","0"
"1112816","5336","鹃城牌红油豆瓣酱1.2kg","14.00","1","0"
"1112819","3183","怡宝矿泉水纯净水桶装4.5L","8.50","1","0"
"1112821","2889","卫龙亲嘴烧红烧牛肉味辣条22g","0.50","2","0"
"1112821","2888","卫龙亲嘴烧川香风味辣条22g","0.50","2","0"
"1112821","2887","卫龙亲嘴烧麦辣鸡汁味辣条22g","0.50","2","0"
"1112821","5857","卫龙牛味棒20g","0.50","4","0"
"1112821","4876","海欣香辣手撕蟹柳18g","1.20","2","0"
"1112821","4164","小老板烤海苔卷鱿鱼味3.6g","2.00","1","0"
"1112821","3980","口水娃多味花生五香味30g","1.00","1","0"
"1112821","4166","小老板经典香脆紫菜海苔味3.6g","2.00","1","0"
"1112821","5713","味巴食小肥腿香辣味32g","2.00","1","0"
"1112821","3847","麻辣伤心凉皮辣条100g","2.50","2","0"
"1112830","2887","卫龙亲嘴烧麦辣鸡汁味辣条22g","0.50","1","0"
"1112830","2889","卫龙亲嘴烧红烧牛肉味辣条22g","0.50","1","0"
"1112830","2888","卫龙亲嘴烧川香风味辣条22g","0.50","1","0"
"1112830","4621","思念醇香黑芝麻水磨汤圆500g","6.00","1","0"
"1112830","3060","老干妈风味豆豉油制辣椒280g","9.50","1","0"
"1112842","6026","代跑腿服务（爱喜薄荷）","10.00","1","0"
"1112842","4717","雀巢1+2速溶咖啡原味条装15g","1.50","2","0"
"1112843","5633","国泰味精200g","4.50","1","0"
"1112843","4466","李锦记精选生抽酱油500ml","9.00","1","0"
"1112843","4586","李锦记味极鲜特级酱油生抽500ml","9.00","1","0"
"1112843","5629","加加酱油老抽王800ml","7.00","1","0"
"1112843","6389","川红锦料酒调味料酒瓶装500ml","6.00","1","0"
"1112843","3362","百事可乐600ml","3.00","2","0"
"1112853","7679","乐事薯片墨西哥鸡汁番茄味70g","6.00","1","0"
"1112853","2040","有友泡椒凤翅100g","4.50","1","0"
"1112853","12399","新家园烤馍锅巴烧烤味63g","2.00","2","0"
"1112853","3961","与美香辣土豆70g","2.00","2","0"
"1112853","2164","康师傅老坛酸菜牛肉拌面碗装145g","5.00","1","0"
"1112853","3134","乐事薯片黄瓜味70g","6.00","1","0"
"1112853","2887","卫龙亲嘴烧麦辣鸡汁味辣条22g","0.50","5","0"
"1112853","20288","唐啵虎招牌味奶茶","2.00","1","0"
"1112853","20287","唐啵虎抹茶味奶茶","2.00","1","0"
"1112861","2401","蒙牛特仑苏纯牛奶250ml","5.50","4","0"
"1112867","2881","哈尔滨啤酒小麦王罐装330ml","3.00","1","0"
"1112867","3028","百事奇多粟米棒奇多日式牛排味60g","3.50","2","0"
"1112867","6083","正林瓜子125g","6.00","1","0"
"1112867","3351","洽洽焦糖瓜子108g","5.50","1","0"
"1112873","4271","怡宝矿泉水纯净水瓶装1.5L","3.00","2","0"
"1112887","2802","脉动维生素水饮料青柠口味600ml","4.00","2","0"
"1112893","2225","银鹭好粥道紫薯紫米粥八宝粥280g","4.00","1","0"
"1112893","5869","【桃李】小热狗95g","4.00","1","0"
"1112908","2780","伊利金典纯牛奶250ml","4.50","4","0"
"1112908","4256","伊利高钙低脂牛奶250ml","3.00","4","0"
"1112908","2401","蒙牛特仑苏纯牛奶250ml","4.50","1","0"
"1112908","2073","伊利纯牛奶250ml","2.50","3","0"
"1112916","4417","思念灌汤水饺猪肉韭菜饺子500g","6.00","1","0"
"1112922","6026","代跑腿服务（爱喜薄荷）","10.00","1","0"
"1112922","3362","百事可乐600ml","3.00","1","0"
"1112950","6021","代跑腿服务（蓝娇）","13.00","1","0"
"1112966","2013","上好佳洋葱圈80g","6.50","1","0"
"1112966","3133","乐事薯片青柠味70g","6.00","1","0"
"1112966","8116","乐事薯片烧烤40g","4.00","1","0"
"1112966","11291","奥利奥夹心饼干原味116g","7.00","1","0"
"1112973","12306","旺旺小小酥20g","1.50","1","0"
"1112973","6593","田牧金钻75g","6.00","2","0"
"1112978","4222","菊乐烧酸奶慢发酵风味发酵乳240g","7.50","1","0"
"1112988","12367","金磨坊手撕素肉卷香辣牛肉味26g","1.00","5","0"
"1112988","7692","卫龙大面筋香辣味65g","2.50","1","0"
"1112988","20791","TNT爆米花新西兰鲜奶味120g","6.00","1","0"
"1112988","3859","川洋黑米锅巴麻辣味休闲食品30g","1.00","1","0"
"1112988","2049","子弟薯片清怡黄瓜味45g","3.50","1","0"
"1112988","3295","菊乐酸乐奶盒装250ml","2.50","1","0"
"1112990","5293","思念白糯小圆子小汤圆500g","5.25","1","0"
"1112990","4099","唯怡植物蛋白饮品豆奶1.45L","12.00","1","0"
"1112995","6270","代跑腿服务（黄鹤楼雅香金）","16.00","1","0"
"1112995","6099","喜之郎果粒爽橙汁饮料350ml","3.50","1","0"
"1112995","3333","百世兴酒鬼花生休闲食品130g","5.00","1","0"
"1112995","13521","雪碧清爽柠檬味汽水2L","6.50","1","0"
"1113000","2415","唐记锅巴麻辣味70g","2.00","1","0"
"1113000","2851","金大洲香辣金针菇42g","3.00","1","0"
"1113000","3354","东莱卤鸡蛋30g","1.50","2","0"
"1113000","2848","好巴食豆腐干五香味95g","3.50","1","0"
"1113000","4082","与美山椒海白菜80g","2.00","1","0"
"1113000","2998","有友玩味豆腐干麻辣味90g","3.00","1","0"
"1113000","4946","康师傅冰红茶1L","4.50","2","0"
"1113015","3351","洽洽焦糖瓜子108g","4.88","2","0"
"1113015","7514","太平苏打饼干芝麻口味卷装100g","3.50","1","0"
"1113015","4218","雄发地瓜干80g","2.50","1","0"
"1113019","4579","好人家水煮鱼调料佐料210g","6.25","2","0"
"1113019","3351","洽洽焦糖瓜子108g","4.88","1","0"
"1113020","14416","苏菲超薄熟睡290mm4片","6.50","1","0"
"1113020","2293","七度空间绢爽网面透气日用超薄卫生巾/姨妈巾245mm10片","8.50","1","0"
"1113021","4506","久大加碘精纯盐350g","2.00","2","0"
"1113024","3993","优乐美奶茶原味22g","1.00","7","0"
"1113024","16700","芬达橙味汽水500ml","3.00","1","0"
"1113024","2103","旺旺泡芙巧克力味60g","4.00","1","0"
"1113024","2329","有友泡椒凤爪泡椒鸡爪100g","5.00","1","0"
"1113024","4164","小老板烤海苔卷鱿鱼味3.6g","2.00","1","0"
"1113024","2871","高乐高卷心夹心蛋糕巧克力牛奶口味25g","1.50","3","0"
"1113044","3362","百事可乐600ml","3.00","1","0"
"1113044","2976","小茗同学溜溜哒茶饮料480ml","5.00","2","0"
"1113044","17413","可口可乐600ml","3.00","1","0"
"1113044","6028","代跑腿服务（软云）","23.00","1","0"
"1113052","5865","【桃李】鸡腿汉堡包140g","5.50","1","0"
"1113052","6026","代跑腿服务（爱喜薄荷）","10.00","1","0"
"1113057","6049","凉凉清凉薄荷糖120g","2.00","1","0"
"1113062","4965","百事可乐2L","6.50","1","0"
"1113065","5847","荷氏维果C水果硬糖青柠味34g","2.50","1","0"
"1113065","5846","荷氏维果C水果硬糖西柚味34g","2.50","1","0"
"1113065","6396","美好火腿肠优级56g","1.50","1","0"
"1113065","4180","乌江涪陵榨菜下饭菜80g","2.00","1","0"
"1113065","5729","吉香居下饭菜（泡菜）106g","2.50","1","0"
"1113065","3770","康师傅泡椒牛肉面袋装99g","2.50","2","0"
"1113070","18753","代跑腿服务（南京）","12.00","2","0"
"1113072","3859","川洋黑米锅巴麻辣味休闲食品30g","1.00","3","0"
"1113072","3295","菊乐酸乐奶盒装250ml","2.50","2","0"
"1113072","5878","【桃李】夹馅面包120g","4.00","1","0"
"1113073","6021","代跑腿服务（蓝娇）","13.00","1","0"
"1113080","7346","汰渍净白洗衣粉1.36kg","12.00","3","0"
"1113081","20616","奥妙除菌除螨1.38kg","16.00","1","0"
"1113089","3337","万事发经典早茶奶饼干138g","3.50","1","0"
"1113089","2740","好吃点香脆核桃饼干108g","3.50","1","0"
"1113092","5521","伊利尚补坊红枣酸奶160g","3.50","1","0"
"1113092","3840","劲仔小鱼香辣小鱼12g","1.00","2","0"
"1113092","2116","双汇香辣香脆肠香肠火腿肠70g","2.20","1","0"
"1113092","3049","统一巧面馆老坛酸菜牛肉面红油味面桶装125g","4.00","1","0"
"1113092","3973","渔米之湘山椒小鱼干鱼棒14g","1.00","3","0"
"1113092","2104","洽洽香瓜子200g","7.00","1","0"
"1113092","5857","卫龙牛味棒20g","0.50","1","0"
"1113106","4271","怡宝矿泉水纯净水瓶装1.5L","3.00","1","0"
"1113106","6387","小方巾（毛巾）","4.00","1","0"
"1113109","4512","美好火腿肠优级120g","3.50","1","0"
"1113111","5345","米婆婆甜香酒酿醪糟米酒900g","10.55","1","0"
"1113111","5293","思念白糯小圆子小汤圆500g","5.25","1","0"
"1113111","19388","五姐妹手工锅巴麻辣味200g","5.50","1","0"
"1113111","2625","金丝猴麦丽素糖果巧克力80g","4.50","1","0"
"1113111","2991","魔法士脆不可挡炫酷烤翅味干脆面/方便面50g","1.50","1","0"
"1113111","2851","金大洲香辣金针菇42g","3.00","1","0"
"1113111","3830","魔法士脆不可挡霸道烧烤味干脆面/方便面50g","1.50","1","0"
"1113111","3006","格力高百醇巧克力味48g","5.50","1","0"
"1113123","4506","久大加碘精纯盐350g","2.00","1","0"
"1113123","2935","ABC超吸棉柔护垫个人护理22片","6.50","1","0"
"1113149","3354","东莱卤鸡蛋30g","1.50","1","0"
"1113149","8396","双汇玉米热狗肠40g","1.50","1","0"
"1113149","3061","白家陈记正宗酸辣方便粉丝袋装108g","4.50","2","0"
"1113159","6021","代跑腿服务（蓝娇）","13.00","1","0"
"1113163","3362","百事可乐600ml","3.00","1","0"
"1113163","6026","代跑腿服务（爱喜薄荷）","10.00","2","0"
"1113205","3859","川洋黑米锅巴麻辣味休闲食品30g","1.00","2","0"
"1113205","5878","【桃李】夹馅面包120g","4.00","1","0"
"1113205","2111","伊利优酸乳蓝莓味250ml","2.00","1","0"
"1113213","4466","李锦记精选生抽酱油500ml","9.00","1","0"
"1113213","2887","卫龙亲嘴烧麦辣鸡汁味辣条22g","0.50","1","0"
"1113213","3073","有友猪皮晶山椒味泡椒味60g","3.00","1","0"
"1113213","2888","卫龙亲嘴烧川香风味辣条22g","0.50","1","0"
"1113217","12371","金磨坊素毛肚老坛酸菜味22g","1.00","2","0"
"1113217","12367","金磨坊手撕素肉卷香辣牛肉味26g","1.00","1","0"
"1113217","4068","天马酸乌梅130g","3.00","1","0"
"1113217","3832","回头客华夫饼120g","4.50","1","0"
"1113217","13485","奥利奥夹心饼干生日蛋糕味97g","7.00","1","0"
"1113217","9255","香飘飘Meco牛乳茶奶茶300ml","7.50","1","0"
"1113217","3073","有友猪皮晶山椒味泡椒味60g","3.00","1","0"
"1113217","17831","星巴克原味咖啡条装30g","2.00","1","0"
"1113217","20771","巧大娘巧乐鱿鱼麻辣味小吃15g","1.00","1","0"
"1113239","5016","红玫瑰除菌洗洁精450g","5.00","1","0"
"1113240","2874","阿尔卑斯原味牛奶软糖充气糖33g","1.50","5","0"
"1113240","3338","彩虹糖原果味糖果45g","4.00","2","0"
"1113240","2165","康师傅老坛酸菜牛肉面桶装121g","4.00","1","0"
"1113242","3834","酱香土豆薯条50g","1.00","3","0"
"1113242","4876","海欣香辣手撕蟹柳18g","1.20","4","0"
"1113242","2326","上好佳鲜虾片40g","4.00","2","0"
"1113242","3090","魔法士脆不可挡给力柠檬鸡味干脆面/方便面50g","1.50","1","0"
"1113242","4164","小老板烤海苔卷鱿鱼味3.6g","2.00","10","0"
"1113242","2016","士力架花生巧克力51g","4.00","1","0"
"1113243","6074","顺天缘馋嘴棒108g","2.00","1","0"
"1113243","3961","与美香辣土豆70g","2.00","2","0"
"1113247","11335","【桃李】焙软吐司面包150g","4.00","2","0"
"1113247","2927","千唯欧典抽取式面巾纸/抽纸400张*3包长款装","10.50","1","0"
"1113247","3070","千唯欧典手帕纸/纸巾18包","6.00","1","0"
"1113247","2295","七度空间女生护垫纯棉表层卫生巾/姨妈巾18片","5.00","1","0"
"1113249","5641","福临门长粒香金典特选大米5kg","49.00","1","0"
"1113251","3938","有友玩味泡椒花生100g","3.50","1","0"
"1113251","4901","哈尔滨啤酒冰纯ICE瓶装500ml","4.00","2","0"
"1113253","6272","代跑腿服务（利群）","14.00","2","0"
"1113254","4099","唯怡植物蛋白饮品豆奶1.45L","12.00","1","0"
"1113258","4256","伊利高钙低脂牛奶250ml","2.90","1","0"
"1113270","2307","口水族肉鱼50g","5.00","1","0"
"1113270","3845","乐吧薯片番茄味50g","2.00","1","0"
"1113270","12368","金磨坊鱼豆腐烧烤味23g","1.00","1","0"
"1113275","6028","代跑腿服务（软云）","23.00","2","0"
"1113279","5736","鑫旺宝白砂糖（白糖）380g","6.00","2","0"
"1113289","2984","乐事大波浪薯片香脆烤鸡翅味70g","4.88","1","0"
"1113289","3855","鑫旺猫耳朵218g","3.50","2","0"
"1113289","3087","魔法士脆不可挡疯狂烤肉味干脆面/方便面50g","1.50","1","0"
"1113289","2164","康师傅老坛酸菜牛肉拌面碗装145g","5.00","1","0"
"1113289","2117","双汇玉米热狗肠香肠火腿肠70g","2.50","1","0"
"1113295","4963","可口可乐2L","6.50","1","0"
"1113297","4180","乌江涪陵榨菜下饭菜80g","2.00","2","0"
"1113297","4085","鱼泉鲜香榨菜鲜香原味70g","1.50","1","0"
"1113302","18360","雪碧柠檬味汽水罐装330ml","2.50","1","0"
"1113302","8580","Q趣儿玉米风味香肠85g","2.50","1","0"
"1113327","4926","杜蕾斯大胆爱吧避孕套安全套10只装","28.60","1","0"
"1113327","3049","统一巧面馆老坛酸菜牛肉面红油味面桶装125g","4.00","1","0"
"1113327","4557","千禾烹调料酒500ml","7.00","1","0"
"1113328","6029","代跑腿服务（软蓝黄鹤楼）","19.00","1","0"
"1113329","3354","东莱卤鸡蛋30g","1.50","1","0"
"1113329","2073","伊利纯牛奶250ml","2.50","1","0"
"1113329","4757","友臣肉松饼35g","1.50","1","0"
"1113349","4636","思念灌汤水饺猪肉味500g","5.25","1","0"
"1113352","4924","立白金桔洗洁精清洗剂408g","3.50","1","0"
"1113352","2586","心相印薰衣草卷纸150g*10卷","27.00","1","0"
"1113366","6471","苏菲超熟睡AIR气垫夜用卫生巾420mm4片","9.50","1","0"
"1113366","4000","护舒宝绵柔表层284mm丝薄10片","15.00","1","0"
"1113366","6469","苏菲裸感S夜用卫生巾29cm6片","9.50","1","0"
"1113368","4506","久大加碘精纯盐350g","2.50","1","0"
"1113369","6056","喜之郎果汁果冻爽菠萝味218g","3.00","1","0"
"1113375","6025","代跑腿服务（软玉）","23.00","1","0"
"1113379","2165","康师傅老坛酸菜牛肉面桶装121g","4.00","2","0"
"1113379","3354","东莱卤鸡蛋30g","1.50","1","0"
"1113380","3942","康师傅红烧牛肉面袋装103g","2.50","1","0"
"1113380","2328","康师傅老坛酸菜牛肉面袋装118g","2.50","1","0"
"1113380","2175","康师傅酸辣牛肉面袋装118g","2.50","1","0"
"1113380","4512","美好火腿肠优级120g","3.50","1","0"
"1113391","19618","代跑腿服务(贵烟)","11.00","2","0"
"1113401","6021","代跑腿服务（蓝娇）","13.00","1","0"
"1113445","6072","正尚口水鸡（豆制素食）80g","2.00","1","0"
"1113445","5846","荷氏维果C水果硬糖西柚味34g","2.50","2","0"
"1113445","3073","有友猪皮晶山椒味泡椒味60g","3.00","1","0"
"1113464","9476","奥利奥巧心结浓情巧克力味47g","5.50","1","0"
"1113464","5623","加加面条鲜生抽酿造酱油500g","10.00","1","0"
"1113464","2089","旺旺仙贝52g","4.00","1","0"
"1113469","4644","泸州老窖财酒52°500ml","13.00","1","0"
"1113472","2411","沈师傅鸡蛋干酱香味100g","3.50","2","0"
"1113473","4285","金龙鱼黄金比例食用调和油900ml","14.00","1","0"
"1113473","4466","李锦记精选生抽酱油500ml","9.00","1","0"
"1113473","19530","王致和精致料酒500ml","7.00","1","0"
"1113485","3313","蓝月亮深层洁净护理薰衣草香洗衣液1kg（瓶装）","22.00","1","0"
"1113491","4901","哈尔滨啤酒冰纯ICE瓶装500ml","4.00","2","0"
"1113511","6269","代跑腿服务（娇子格调黑）","15.00","2","0"
"1113513","6025","代跑腿服务（软玉）","23.00","1","0"
"1113514","6396","美好火腿肠优级56g","1.50","1","0"
"1113514","6270","代跑腿服务（黄鹤楼雅香金）","16.00","1","0"
"1113514","3133","乐事薯片青柠味70g","6.00","1","0"
"1113519","21522","代跑腿（万宝路爆珠）","24.00","1","0"
"1113527","2713","Richeese丽芝士纳宝帝奶酪威化饼干58g","2.50","1","0"
"1113534","4874","思蜀香麻辣牛肉干50g","5.50","3","0"
"1113534","3841","劲仔小鱼麻辣小鱼12g","1.00","4","0"
"1113534","2329","有友泡椒凤爪泡椒鸡爪100g","5.00","1","0"
"1113534","3847","麻辣伤心凉皮辣条100g","2.50","2","0"
"1113534","3770","康师傅泡椒牛肉面袋装99g","2.50","1","0"
"1113534","4164","小老板烤海苔卷鱿鱼味3.6g","2.00","1","0"
"1113534","16700","芬达橙味汽水500ml","3.00","1","0"
"1113534","2046","有友猪皮晶山椒味泡椒味90g","4.50","1","0"
"1113534","2719","甘源牌袋装肉松味蚕豆75g","4.50","2","0"
"1113534","8736","无穷烤鸡小腿香辣味13g","2.50","2","0"
"1113534","21561","飘零大叔猪肉脯蜜汁50g","6.50","5","0"
"1113534","3993","优乐美奶茶原味22g","1.00","1","0"
"1113534","2251","德芙黑巧克力条装43g","7.50","1","0"
"1113534","4860","咪咪世界点心面碳烧鸡汁味82g","2.50","1","0"
"1113535","5870","【桃李】天然酵母面包牛奶蛋羹味75g","4.00","1","0"
"1113535","2802","脉动维生素水饮料青柠口味600ml","4.00","1","0"
"1113535","5869","【桃李】小热狗95g","4.00","1","0"
"1113535","6026","代跑腿服务（爱喜薄荷）","10.00","1","0"
"1113538","4094","新希望活润益生菌风味发酵乳酸奶160g","3.50","5","0"
"1113541","17862","零度可口可乐500ml","3.00","1","0"
"1113541","6272","代跑腿服务（利群）","15.00","1","0"
"1113556","16704","可口可乐汽水888ml","4.50","1","0"
"1113556","3859","川洋黑米锅巴麻辣味休闲食品30g","1.00","1","0"
"1113556","5874","【桃李】手撕面包160g","5.50","1","0"
"1113556","3023","旺旺泡芙夹心饼干牛奶味18g","1.00","2","0"
"1113556","4966","康师傅茉莉蜜茶1L","4.50","1","0"
"1113556","2891","果珍速溶冲饮阳光甜橙味400g","15.00","1","0"
"1113556","4085","鱼泉鲜香榨菜鲜香原味70g","1.50","1","0"
"1113562","2329","有友泡椒凤爪泡椒鸡爪100g","5.00","1","0"
"1113562","4874","思蜀香麻辣牛肉干50g","5.50","1","0"
"1113562","2723","香飘飘奶茶原味80g","3.50","1","0"
